-- phpMyAdmin SQL Dump
-- version 4.9.0.1
-- https://www.phpmyadmin.net/
--
-- Host: sql109.byetcluster.com
-- Waktu pembuatan: 02 Jan 2023 pada 18.18
-- Versi server: 10.3.27-MariaDB
-- Versi PHP: 7.2.22

SET SQL_MODE = "NO_AUTO_VALUE_ON_ZERO";
SET AUTOCOMMIT = 0;
START TRANSACTION;
SET time_zone = "+00:00";


/*!40101 SET @OLD_CHARACTER_SET_CLIENT=@@CHARACTER_SET_CLIENT */;
/*!40101 SET @OLD_CHARACTER_SET_RESULTS=@@CHARACTER_SET_RESULTS */;
/*!40101 SET @OLD_COLLATION_CONNECTION=@@COLLATION_CONNECTION */;
/*!40101 SET NAMES utf8mb4 */;

--
-- Database: `epiz_32918171_ukm`
--

-- --------------------------------------------------------

--
-- Struktur dari tabel `anggota`
--

CREATE TABLE `anggota` (
  `id` bigint(20) UNSIGNED NOT NULL,
  `nama` varchar(255) COLLATE utf8mb4_unicode_ci NOT NULL,
  `nim` int(9) NOT NULL,
  `alamat` varchar(255) COLLATE utf8mb4_unicode_ci NOT NULL,
  `jk` varchar(255) COLLATE utf8mb4_unicode_ci NOT NULL,
  `id_fakultas` varchar(5) COLLATE utf8mb4_unicode_ci NOT NULL,
  `id_jurusan` varchar(5) COLLATE utf8mb4_unicode_ci NOT NULL,
  `angkatan` varchar(255) COLLATE utf8mb4_unicode_ci NOT NULL,
  `hp` varchar(12) COLLATE utf8mb4_unicode_ci DEFAULT NULL,
  `foto` varchar(100) COLLATE utf8mb4_unicode_ci DEFAULT NULL,
  `remember_token` varchar(100) COLLATE utf8mb4_unicode_ci DEFAULT NULL,
  `status` varchar(25) COLLATE utf8mb4_unicode_ci DEFAULT NULL,
  `created_at` timestamp NULL DEFAULT NULL,
  `updated_at` timestamp NULL DEFAULT NULL
) ENGINE=InnoDB DEFAULT CHARSET=utf8mb4 COLLATE=utf8mb4_unicode_ci;

--
-- Dumping data untuk tabel `anggota`
--

INSERT INTO `anggota` (`id`, `nama`, `nim`, `alamat`, `jk`, `id_fakultas`, `id_jurusan`, `angkatan`, `hp`, `foto`, `remember_token`, `status`, `created_at`, `updated_at`) VALUES
(10, 'I Made Yasa', 531419004, 'Gorontalo', 'L', '1', '1', '2019', '081234567890', NULL, NULL, '1', '2022-12-10 20:12:38', '2022-12-22 22:17:29'),
(11, 'Komang Ariani', 123456789, 'Misfala', 'P', '8', '40', '2019', '081234567891', NULL, NULL, '1', '2022-12-10 20:13:57', '2022-12-10 20:13:57'),
(12, 'Ni Made Listarni', 123456780, 'Gorontalo', 'P', '4', '24', '2020', '081234567892', NULL, NULL, '1', '2022-12-10 20:15:05', '2022-12-10 20:15:05'),
(13, 'I gede wiranatha', 551420023, 'Desa iloheluma kec.tilongkabila kab.bonebolango', 'L', '1', '3', '2020', '082271167443', NULL, NULL, '1', '2022-12-22 08:09:46', '2022-12-22 08:09:46'),
(14, 'Yesa Anggreni', 151422137, 'Asrama putri ung, Jalan arif Rahmanhakim', 'P', '3', '17', '2022', '085696065303', NULL, NULL, '0', '2022-12-22 08:21:38', '2022-12-22 08:21:38'),
(15, 'Ni Made Cindya wati', 151422081, 'Kost aquality 3,jln Dewi sartika, kota selatan, kota gorontalo', 'P', '3', '17', '2022', '081543016202', NULL, NULL, '0', '2022-12-22 08:23:32', '2022-12-22 08:23:32'),
(16, 'Ni Komang Mahatma Devi S.Y', 311422104, 'Kec.bonebolango', 'P', '5', '27', '2022', '085337547648', NULL, NULL, '0', '2022-12-22 08:31:17', '2022-12-22 08:31:17'),
(17, 'Wayan Eka Ayu Noviantari', 921422190, 'Jl. Rambutan, Kec. Dungingi,  Kel. Huangobotu, Kota Gorontalo', 'P', '8', '37', '2022', '089668706470', NULL, NULL, '0', '2022-12-22 08:33:07', '2022-12-22 08:33:07'),
(18, 'Anak Agung Reduari', 811422144, 'Ramsis. Jln arief rahman hakim', 'P', '7', '32', '2022', '082291874971', NULL, NULL, '0', '2022-12-22 08:51:37', '2022-12-22 08:51:37'),
(19, 'Ni Komang Erna Juli Andriani', 561422019, 'Desa Moutong, kec. Suwawa, kab. Bone bolango', 'P', '1', '4', '2022', '085393640329', NULL, NULL, '0', '2022-12-22 08:55:11', '2022-12-22 08:55:11'),
(20, 'I Made Aldi Adnyana', 561422041, 'Kontrakan, TilongKabila,Center Point,Kab.BoneBolango', 'L', '1', '4', '2022', '082259403783', NULL, NULL, '0', '2022-12-22 08:57:21', '2022-12-22 08:57:21'),
(21, 'I Putu Sugiantara', 561422036, 'Moutong, kec. Tilongkabila, kab. Bone bolango', 'L', '1', '4', '2022', '082399354493', NULL, NULL, '1', '2022-12-22 08:59:00', '2022-12-22 08:59:00'),
(22, 'Ni Luh Epa', 432422034, 'Ds moutong, Kec. Suwawa, kab. Bonebolango', 'P', '2', '11', '2022', '082258377902', NULL, NULL, '0', '2022-12-22 09:00:30', '2022-12-22 09:00:30'),
(23, 'Dini Ariska', 241421044, 'Perum graha aziziyah permai,kec.telaga jaya,kab.gorontalo', 'P', '4', '20', '2021', '082260152107', NULL, NULL, '1', '2022-12-22 09:03:20', '2022-12-22 09:03:20'),
(24, 'Ni Nyoman Selviani', 921421090, 'Misfalah blok i 4, pulubala, kota tengah,kota Gorontalo, Gorontalo', 'P', '8', '38', '2021', '085756910952', NULL, NULL, '1', '2022-12-22 09:05:06', '2022-12-22 09:05:06'),
(25, 'I Komang Alit Suryadinata', 551421032, 'Perumahan kasiba', 'L', '1', '3', '2021', '082231534190', NULL, NULL, '1', '2022-12-22 09:06:24', '2022-12-22 09:06:24'),
(26, 'NI Wayan Sintyawati', 921422179, 'Perumahan misfalah,blok i nmor 4 hulubala,kota Tengah', 'P', '8', '38', '2022', '081543180827', NULL, NULL, '1', '2022-12-22 09:08:10', '2022-12-22 09:08:10'),
(27, 'I MADE WIRYA WIJAYA', 442422043, 'DESA HELUMO,KEC.SUWAWA,KAB.BONEBOLANGO', 'L', '2', '14', '2022', '085397969466', NULL, NULL, '1', '2022-12-22 09:09:37', '2022-12-22 09:09:37'),
(28, 'Made Riska Yani', 291422079, 'Perumahan Griya Dulomo Indah, Dulomo Utara', 'L', '4', '22', '2022', '082287778614', NULL, NULL, '1', '2022-12-22 09:11:07', '2022-12-22 09:11:07'),
(29, 'Kadek Nirwana ayu astiti', 931422207, 'BTN perum perinasa Blok C1 desa hulawa kecamatan telaga pasar minggu', 'P', '8', '37', '2022', '082198280105', NULL, NULL, '1', '2022-12-22 09:12:22', '2022-12-22 09:12:22'),
(30, 'NI GUSTI AYU SUKMA WATI', 311422012, 'Jalan jainal umar sadiki, desa moutong,', 'P', '5', '27', '2022', '085298880920', NULL, NULL, '1', '2022-12-22 11:37:33', '2022-12-22 11:37:33'),
(31, 'I Wayan Suardita', 511421049, 'Perumahan tapa, kec sipatana, kota Gorontalo', 'L', '1', '2', '2021', '081340808241', NULL, NULL, '1', '2022-12-22 11:38:44', '2022-12-22 11:38:44'),
(32, 'Ni Komang Kristiana', 551422054, 'Jalan bali kota tengah', 'P', '1', '3', '2022', '082292301851', NULL, NULL, '1', '2022-12-22 11:40:01', '2022-12-22 11:40:01'),
(33, 'Ni putu indah indriani', 4635079, 'Gorontalo/jln mahakam/ Kel.sifatam/kec.bulotadaa barat', 'P', '3', '16', '2022', '089699262676', NULL, NULL, '1', '2022-12-22 11:41:32', '2022-12-22 11:41:32'),
(34, 'Ni putu selly afiani', 921422012, 'Jln. Dewi Sartika', 'P', '8', '38', '2022', '082236090205', NULL, NULL, '1', '2022-12-22 11:42:48', '2022-12-24 12:27:26'),
(35, 'I KETUT SLAMET', 931422264, 'kota tengah', 'L', '8', '37', '2022', '085242075519', NULL, NULL, '1', '2022-12-22 11:44:16', '2022-12-22 11:44:16'),
(36, 'I Putu Arya Suta', 831422082, 'Kota tengah Jl Bali III', 'L', '7', '35', '2022', '085394138993', NULL, NULL, '1', '2022-12-22 11:45:42', '2022-12-22 11:45:42'),
(37, 'Ni Luh Putu Widnyani', 811422071, 'Perumahan graha, kec.Kotatengah,kab.gorontalo', 'P', '7', '32', '2022', '081241349864', NULL, NULL, '1', '2022-12-22 11:47:12', '2022-12-22 11:47:12'),
(38, 'I Made Alno Kencana Putra', 321422095, 'Perumahan griya dulomo indah, dulomo utara', 'L', '5', '26', '2022', '085339016490', NULL, NULL, '1', '2022-12-22 11:48:55', '2022-12-22 11:48:55'),
(39, 'I KOMANG TANGKAS FARIYASA', 641422061, 'Kost berkah, kec. Suwawa, kab. Bonebolango', 'L', '6', '28', '2022', '082271633310', NULL, NULL, '1', '2022-12-22 11:51:27', '2022-12-22 11:51:27'),
(40, 'Santika Dewi', 911422129, 'Kost Rahmatia, Jln. Dewi Sartika, Kecamatan Dulalomo Timur, Kabupaten Gorontalo', 'P', '8', '40', '2022', '085236687430', NULL, NULL, '1', '2022-12-22 11:56:21', '2022-12-22 11:56:21'),
(41, 'Nia Purnama Sari', 161422047, 'Jds,kos Herman hidayat', 'P', '3', '16', '2022', '085398802139', NULL, NULL, '1', '2022-12-22 11:57:29', '2022-12-22 11:57:29'),
(42, 'NI KADEK SRI UTARI', 151422133, 'Jl. Dewi Sartika', 'P', '3', '17', '2022', '085372568393', NULL, NULL, '1', '2022-12-22 11:59:12', '2022-12-24 12:28:56'),
(43, 'Ni Luh Ray Satya Nanda', 151422090, 'Kost Dafa, Jl. Dewi Sartika, kota Gorontalo', 'P', '3', '17', '2022', '082271467193', NULL, NULL, '1', '2022-12-22 12:00:36', '2022-12-24 12:25:50'),
(44, 'Ni Nyoman Ardiyanti', 811422085, 'Perumahan Aliya Dulomo Selatan', 'P', '7', '32', '2022', '082290398403', NULL, NULL, '1', '2022-12-22 12:02:00', '2022-12-22 12:02:00'),
(45, 'Ni Kadek Lusiyani', 911422190, 'Jalan Arief Rahman Hakim', 'P', '8', '40', '2022', '085796927595', NULL, NULL, '1', '2022-12-22 12:03:28', '2022-12-22 12:03:28'),
(46, 'Iketut windu Suputra', 611422054, 'Perumahan bintang anugrah jaya, kec.telaga.kab.gorontalo', 'L', '6', '29', '2022', '081524933341', NULL, NULL, '1', '2022-12-22 12:04:45', '2022-12-22 12:04:45'),
(47, 'Wayan Indriani', 161422069, 'Jl pangeran Hidayat', 'P', '3', '16', '2022', '085242596159', NULL, NULL, '1', '2022-12-22 12:06:33', '2022-12-22 12:06:33'),
(48, 'NI WAYAN SINDY SETIANINGSIH', 931422102, 'KOST CHOLISA, KEC.KOTA SELATAN, KOTA GORONTALO', 'P', '8', '37', '2022', '082343019660', NULL, NULL, '1', '2022-12-22 12:10:18', '2022-12-22 12:10:18'),
(49, 'Ni Ketut Anggi Sugiarti', 151422136, 'Kost Briliant brain. Jl Dewi Sartika', 'P', '3', '17', '2022', '085696230174', NULL, NULL, '1', '2022-12-22 12:13:36', '2022-12-22 12:13:36'),
(50, 'Dewa Made Darmawan', 931422194, 'Dulomo Selatan, kec. Kota Utara, Kota Gorontalo', 'L', '8', '37', '2022', '082195562741', NULL, NULL, '1', '2022-12-22 12:14:45', '2022-12-22 12:14:45'),
(51, 'Ni Wayan Padmi Sawitri', 221422054, 'Ramsis ( Asrama mahasiswa putri ) Dulaluwo timur', 'P', '4', '21', '2022', '081523802605', NULL, NULL, '1', '2022-12-22 12:16:29', '2022-12-22 12:16:29'),
(52, 'I PUTU YOGA PRAMANA', 561422007, 'Perumahan Graha Aziziah,kec.Talaga Jaya,kab.Gorontalo', 'L', '1', '4', '2022', '081230058965', NULL, NULL, '1', '2022-12-22 12:17:32', '2022-12-22 12:17:32'),
(53, 'Ketut Ngurah', 521419040, '-', 'L', '1', '5', '2019', '-', NULL, NULL, '1', '2022-12-22 19:37:34', '2022-12-22 19:37:34'),
(55, 'Ni Luh Suwastini', 941419056, '-', 'P', '4', '20', '2019', '-', NULL, NULL, '1', '2022-12-22 19:39:51', '2022-12-22 19:39:51'),
(56, 'Ni Kadek P. W. Tirta', 941419091, '-', 'P', '4', '20', '2019', '-', NULL, NULL, '1', '2022-12-22 19:42:02', '2022-12-22 19:42:02'),
(57, 'Ni Luh Putu Suryati', 151419148, '-', 'P', '3', '17', '2019', '-', NULL, NULL, '1', '2022-12-22 19:42:56', '2022-12-22 19:42:56'),
(58, 'Ni Kadek Yulia Trisnawati', 651419029, '-', 'P', '6', '31', '2019', '-', NULL, NULL, '1', '2022-12-22 19:44:11', '2022-12-22 19:44:11'),
(59, 'Ni Kadek Fany Nivaria', 561419026, '-', 'P', '1', '4', '2019', '-', NULL, NULL, '1', '2022-12-22 19:45:19', '2022-12-22 19:45:19'),
(60, 'Ni Nengah Serly Andani', 153419034, '-', 'P', '3', '16', '2019', '-', NULL, NULL, '1', '2022-12-22 19:46:11', '2022-12-22 19:46:11'),
(61, 'Ni Luh Juniari', 532419031, '-', 'P', '1', '1', '2019', '-', NULL, NULL, '1', '2022-12-22 19:46:57', '2022-12-22 19:46:57'),
(62, 'Ni Wayan Tika Ikrayani', 921419005, '-', 'P', '8', '38', '2019', '-', NULL, NULL, '1', '2022-12-22 19:47:49', '2022-12-22 19:47:49'),
(63, 'Ni Komang Vica Sari', 341419013, '-', 'P', '5', '25', '2019', '-', NULL, NULL, '1', '2022-12-22 19:48:36', '2022-12-22 19:48:36'),
(64, 'Kadek Ria Sudiantari', 921419115, '-', 'P', '8', '38', '2019', '-', NULL, NULL, '1', '2022-12-22 19:49:39', '2022-12-22 19:49:39'),
(65, 'Kadek Ayu Budiartini', 411419075, '-', 'P', '2', '12', '2019', '-', NULL, NULL, '1', '2022-12-22 19:50:48', '2022-12-22 19:50:48'),
(66, 'Ni Komang Ariani', 911419002, '-', 'P', '8', '40', '2019', '-', NULL, NULL, '1', '2022-12-22 19:51:35', '2022-12-22 19:51:35'),
(67, 'Ni Ketut Lona Andriani', 921419063, '-', 'P', '8', '38', '2019', '-', NULL, NULL, '1', '2022-12-22 19:52:23', '2022-12-22 19:52:23'),
(68, 'Desak Made Purnami', 921419032, '-', 'P', '2', '13', '2019', '-', NULL, NULL, '1', '2022-12-22 19:53:18', '2022-12-22 19:53:18'),
(69, 'Ni Wayan Desi D.', 921419113, '-', 'P', '8', '38', '2019', '-', NULL, NULL, '1', '2022-12-22 19:55:09', '2022-12-22 19:55:09'),
(70, 'Ni Nyoman Nofi D.', 151419139, '-', 'P', '3', '17', '2019', '-', NULL, NULL, '1', '2022-12-22 19:56:03', '2022-12-22 19:56:03'),
(71, 'Ni Made Megiani', 101141902, '-', 'P', '9', '41', '2019', '-', NULL, NULL, '1', '2022-12-22 19:56:50', '2022-12-22 19:56:50'),
(72, 'Ni Luh Sariati', 411419097, '-', 'P', '2', '12', '2019', '-', NULL, NULL, '1', '2022-12-22 19:57:37', '2022-12-22 19:57:37'),
(73, 'WayanYogik Prayuha', 561419050, '-', 'L', '1', '4', '2019', '-', NULL, NULL, '1', '2022-12-22 19:58:55', '2022-12-22 19:58:55'),
(74, 'Agung Made Astaripa Dewi', 321419063, '-', 'P', '5', '26', '2019', '-', NULL, NULL, '1', '2022-12-22 20:00:01', '2022-12-22 20:00:01'),
(75, 'Wayan Andika Riyantara', 561419047, '-', 'L', '1', '4', '2019', '-', NULL, NULL, '1', '2022-12-22 20:00:48', '2022-12-22 20:00:48'),
(76, 'I Kadek Suwartama', 561419024, '-', 'L', '1', '4', '2019', '-', NULL, NULL, '1', '2022-12-22 20:02:50', '2022-12-22 20:02:50'),
(77, 'I Made Leddy', 613419061, '-', 'L', '6', '29', '2019', '-', NULL, NULL, '1', '2022-12-22 20:03:47', '2022-12-22 20:03:47'),
(78, 'I Made Karya Jurdiawan', 551419064, '-', 'L', '1', '2', '2019', '-', NULL, NULL, '1', '2022-12-22 20:04:46', '2022-12-22 20:04:46'),
(79, 'Ni Nyoman Mulia Parwati', 153419074, '-', 'P', '3', '17', '2019', '-', NULL, NULL, '1', '2022-12-22 20:06:18', '2022-12-22 20:06:18'),
(80, 'Ni Putu Pirayanti', 811419108, '-', 'P', '7', '32', '2019', '-', NULL, NULL, '1', '2022-12-22 20:07:23', '2022-12-22 20:07:23'),
(81, 'Ni Ketut Raka', 421419101, '-', 'P', '8', '38', '2019', '-', NULL, NULL, '1', '2022-12-22 20:08:13', '2022-12-22 20:08:13'),
(82, 'Ni Gusti Ayu Sri S.', 921419068, '-', 'P', '8', '38', '2019', '-', NULL, NULL, '1', '2022-12-22 20:09:05', '2022-12-22 20:09:05'),
(83, 'Rama Mertayasa', 411419081, '-', 'L', '2', '12', '2019', '-', NULL, NULL, '1', '2022-12-22 20:09:54', '2022-12-22 20:09:54'),
(84, 'Dewa Ayu R. Ratih Dewi', 532419010, '-', 'P', '1', '1', '2019', '-', NULL, NULL, '1', '2022-12-22 20:11:18', '2022-12-22 20:11:18'),
(85, 'Ni Made Ria Jianti', 531418064, '-', 'P', '1', '1', '2018', '-', NULL, NULL, '1', '2022-12-22 20:14:44', '2022-12-22 20:14:44'),
(86, 'Ni Kadek Ayu Marini', 151418021, '-', 'P', '3', '17', '2018', '-', NULL, NULL, '1', '2022-12-22 20:24:04', '2022-12-22 20:24:04'),
(87, 'Dian Restyani', 341418003, '-', 'P', '5', '25', '2018', '-', NULL, NULL, '1', '2022-12-22 20:25:04', '2022-12-22 20:25:04'),
(88, 'Ni Kadek Suardani', 153418035, '-', 'P', '3', '17', '2018', '-', NULL, NULL, '1', '2022-12-22 20:26:07', '2022-12-22 20:26:07'),
(89, 'Ni Kadek Lila Sri Purnami', 921418090, '-', 'P', '8', '38', '2018', '-', NULL, NULL, '1', '2022-12-22 20:27:08', '2022-12-22 20:27:08'),
(90, 'Ni Nyoman Sriani', 153418041, '-', 'P', '3', '16', '2018', '-', NULL, NULL, '1', '2022-12-22 20:28:00', '2022-12-22 20:28:00'),
(91, 'Ni Komang Ayu Lia Susanti', 921418092, '-', 'P', '8', '38', '2018', '-', NULL, NULL, '1', '2022-12-22 20:29:19', '2022-12-22 20:29:19'),
(92, 'Ni Komang Andriani', 821418099, '-', 'P', '8', '38', '2018', '-', NULL, NULL, '1', '2022-12-22 20:30:29', '2022-12-22 20:30:29'),
(93, 'Ni Wayan Puri Widyantari', 921418153, '-', 'P', '8', '38', '2018', '-', NULL, NULL, '1', '2022-12-22 20:32:09', '2022-12-22 20:32:09'),
(94, 'Ni Kadek Dina Yuwinda', 921418014, '-', 'P', '8', '38', '2018', '-', NULL, NULL, '1', '2022-12-22 20:33:11', '2022-12-22 20:33:11'),
(95, 'Ni Nyoman Linda', 111418071, '-', 'P', '3', '15', '2018', '-', NULL, NULL, '1', '2022-12-22 20:34:22', '2022-12-22 20:34:22'),
(96, 'Ni Kadek Sipasari', 911418132, '-', 'P', '8', '40', '2018', '-', NULL, NULL, '1', '2022-12-22 20:35:25', '2022-12-22 20:35:25'),
(97, 'Ni Wayan Sriwati', 532418013, '-', 'P', '1', '1', '2018', '-', NULL, NULL, '1', '2022-12-22 20:36:26', '2022-12-22 20:36:26'),
(98, 'Ni Kadek Sumarniati', 561418036, '-', 'P', '1', '4', '2018', '-', NULL, NULL, '1', '2022-12-22 20:40:36', '2022-12-22 20:40:36'),
(99, 'Niluh Putu Desi Parwati', 941418070, '-', 'P', '4', '20', '2018', '-', NULL, NULL, '1', '2022-12-22 20:44:44', '2022-12-22 20:44:44'),
(100, 'Dewa Ayu Puspita Dewi', 821418072, '-', 'P', '7', '33', '2018', '-', NULL, NULL, '1', '2022-12-22 20:46:17', '2022-12-22 20:46:17'),
(101, 'Ni Kadek Sariani', 911418085, '-', 'P', '8', '40', '2018', '-', NULL, NULL, '1', '2022-12-22 20:49:11', '2022-12-22 20:49:11'),
(102, 'Ni Kadek Sri Widnyani', 613418008, '-', 'P', '6', '29', '2018', '-', NULL, NULL, '1', '2022-12-22 20:50:31', '2022-12-22 20:50:31'),
(103, 'Ni Ketut Mindi', 153418014, '-', 'P', '3', '16', '2018', '-', NULL, NULL, '1', '2022-12-22 20:51:38', '2022-12-22 20:51:38'),
(104, 'Ni Putu Ida Elyantari', 153418019, '-', 'P', '3', '16', '2018', '-', NULL, NULL, '1', '2022-12-22 20:53:35', '2022-12-22 20:53:35'),
(105, 'Ni Wayan Sukariani', 841418026, '-', 'P', '7', '36', '2018', '-', NULL, NULL, '1', '2022-12-22 20:54:51', '2022-12-22 20:54:51'),
(106, 'Ni Nengah Selbi Yunita', 931418206, '-', 'P', '8', '37', '2018', '-', NULL, NULL, '1', '2022-12-22 20:56:11', '2022-12-22 20:56:11'),
(107, 'Niluh Suryani', 921418138, '-', 'P', '8', '38', '2018', '-', NULL, NULL, '1', '2022-12-22 20:57:30', '2022-12-22 20:57:30'),
(108, 'Ni Nyoman Srimulyani', 941418068, '-', 'P', '4', '20', '2018', '-', NULL, NULL, '1', '2022-12-22 20:58:36', '2022-12-22 20:58:36'),
(109, 'Anak Agung Lis Sartika', 614411818, '-', 'P', '6', '28', '2018', '-', NULL, NULL, '1', '2022-12-22 20:59:33', '2022-12-22 20:59:33'),
(110, 'Ni Made Nidya Ningsih', 431418064, '-', 'P', '2', '11', '2018', '-', NULL, NULL, '1', '2022-12-22 21:00:27', '2022-12-22 21:00:27'),
(111, 'I Wayan Juliasa', 511418054, '-', 'L', '1', '2', '2018', '-', NULL, NULL, '1', '2022-12-22 21:01:29', '2022-12-22 21:01:29'),
(112, 'I Made Mega Vira Bawa', 511418058, '-', 'L', '1', '2', '2018', '-', NULL, NULL, '1', '2022-12-22 21:02:39', '2022-12-22 21:02:39'),
(113, 'I Gede Hary S. Saputra', 911418067, '-', 'L', '8', '40', '2018', '-', NULL, NULL, '1', '2022-12-22 21:03:38', '2022-12-22 21:03:38'),
(114, 'I Komang Kertayasa', 613418032, '-', 'L', '6', '29', '2018', '-', NULL, NULL, '1', '2022-12-22 21:04:35', '2022-12-22 21:04:35'),
(115, 'I Made Ray Renaldi', 614418144, '-', 'L', '6', '28', '2018', '-', NULL, NULL, '1', '2022-12-22 21:05:40', '2022-12-22 21:05:40'),
(116, 'I Kadek Handre Darma Putra', 613418030, '-', 'L', '6', '29', '2018', '-', NULL, NULL, '1', '2022-12-22 21:06:37', '2022-12-22 21:06:37'),
(117, 'I Komang Darma Widia', 921418157, '-', 'L', '8', '38', '2018', '-', NULL, NULL, '1', '2022-12-22 21:14:27', '2022-12-22 21:14:27'),
(118, 'I Ketut Ariawan', 831418170, '-', 'L', '7', '34', '2018', '-', NULL, NULL, '1', '2022-12-22 21:16:15', '2022-12-22 21:16:15'),
(119, 'I Wayan Candra', 544418002, '-', 'L', '1', '6', '2018', '-', NULL, NULL, '1', '2022-12-22 21:17:32', '2022-12-22 21:17:32'),
(120, 'I Wayan Gede Sandika', 532418004, '-', 'L', '1', '1', '2018', '-', NULL, NULL, '1', '2022-12-22 21:18:42', '2022-12-22 21:18:42'),
(121, 'I Nyoman Indra Lesmana', 911418191, '-', 'L', '8', '40', '2018', '-', NULL, NULL, '1', '2022-12-22 21:19:39', '2022-12-22 21:19:39'),
(122, 'I Gede Ngurah Saputra', 431418072, '-', 'L', '2', '11', '2018', '-', NULL, NULL, '1', '2022-12-22 21:22:08', '2022-12-22 21:22:08'),
(123, 'I Kadek Wardana Wisnu Wara', 521418049, '-', 'L', '1', '5', '2018', '-', NULL, NULL, '1', '2022-12-22 21:23:59', '2022-12-22 21:23:59'),
(124, 'I Putu Sudarmayasa', 321418040, '-', 'L', '5', '26', '2018', '-', NULL, NULL, '1', '2022-12-22 21:26:08', '2022-12-22 21:26:08'),
(125, 'I Made Sumertadana', 531418062, '-', 'L', '1', '1', '2018', '-', NULL, NULL, '1', '2022-12-22 21:27:10', '2022-12-22 21:27:10'),
(126, 'I Kadek Wira Susanto', 221418069, '-', 'L', '9', '41', '2018', '-', NULL, NULL, '1', '2022-12-22 21:28:39', '2022-12-22 21:28:39'),
(127, 'I Made Budi Adnyana', 613418046, '-', 'L', '6', '29', '2018', '-', NULL, NULL, '1', '2022-12-22 21:30:30', '2022-12-22 21:30:30'),
(128, 'Made Wirne', 621417004, '-', 'L', '6', '30', '2017', '-', NULL, NULL, '1', '2022-12-23 05:52:50', '2022-12-23 05:52:50'),
(129, 'Ni Putu Lilis Suryani', 153417038, '-', 'L', '3', '16', '2017', '-', NULL, NULL, '1', '2022-12-23 05:53:34', '2022-12-23 05:53:34'),
(130, 'Komang Widiani', 931417092, '-', 'P', '8', '37', '2017', '-', NULL, NULL, '1', '2022-12-23 05:54:31', '2022-12-23 05:54:31'),
(131, 'I Wayan Ady Purnomo', 531417090, '-', 'L', '1', '1', '2017', '-', NULL, NULL, '1', '2022-12-23 05:55:28', '2022-12-23 05:55:28'),
(132, 'I Dewa Gede Ginada Darma Putra', 831417054, '-', 'L', '7', '34', '2017', '-', NULL, NULL, '1', '2022-12-23 05:56:19', '2022-12-23 05:56:19'),
(133, 'Niluh Astri Savitri', 321417104, '-', 'P', '5', '26', '2017', '-', NULL, NULL, '1', '2022-12-23 05:57:05', '2022-12-23 05:57:05'),
(134, 'Kadek  Niawati', 101141703, '-', 'P', '9', '41', '2017', '-', NULL, NULL, '1', '2022-12-23 05:58:23', '2022-12-23 05:58:23'),
(135, 'I Kadek Jodi Arta', 101141720, '-', 'L', '9', '41', '2017', '-', NULL, NULL, '1', '2022-12-23 05:59:16', '2022-12-23 05:59:16'),
(136, 'Ni Ketut Sulistia Andrini', 311417031, '-', 'P', '5', '27', '2017', '-', NULL, NULL, '1', '2022-12-23 06:00:05', '2022-12-23 06:00:05'),
(137, 'I Kadek Dwi Febri Ariantika', 531417030, '-', 'L', '1', '1', '2017', '-', NULL, NULL, '1', '2022-12-23 06:00:48', '2022-12-23 06:00:48'),
(138, 'Ni Wayan Indri Yuni Astuti', 231417041, '-', 'P', '4', '24', '2017', '-', NULL, NULL, '1', '2022-12-23 06:01:51', '2022-12-23 06:01:51'),
(139, 'I Nengah Sandi', 471417019, '-', 'L', '2', '7', '2017', '-', NULL, NULL, '1', '2022-12-23 06:02:40', '2022-12-23 06:02:40'),
(140, 'I Ketut Sutriana', 531417033, '-', 'L', '1', '1', '2017', '-', NULL, NULL, '1', '2022-12-23 06:03:15', '2022-12-23 06:03:15'),
(141, 'Ni Kadek Ayu Ningsih', 911417081, '-', 'P', '8', '40', '2017', '-', NULL, NULL, '1', '2022-12-23 06:04:08', '2022-12-23 06:04:08'),
(142, 'Ni Komang Parwati', 321417081, '-', 'P', '5', '26', '2017', '-', NULL, NULL, '1', '2022-12-23 06:05:18', '2022-12-23 06:05:18'),
(143, 'Ni Wayan Sri Damayani', 113141700, '-', 'P', '10', '42', '2017', '-', NULL, NULL, '1', '2022-12-23 06:06:13', '2022-12-23 06:06:13'),
(144, 'Ni Ketut Darniti', 911417164, '-', 'P', '8', '40', '2017', '-', NULL, NULL, '1', '2022-12-23 06:06:57', '2022-12-23 06:06:57'),
(145, 'Ni Made Sriastari', 411417003, '-', 'P', '2', '12', '2017', '-', NULL, NULL, '1', '2022-12-23 06:08:19', '2022-12-23 06:08:19'),
(146, 'Ni Ketut Listia Dewi', 151417171, '-', 'P', '3', '17', '2017', '-', NULL, NULL, '1', '2022-12-23 06:09:17', '2022-12-23 06:09:17'),
(147, 'Oka Arin Ghaneswara', 471417028, '-', 'L', '2', '7', '2017', '-', NULL, NULL, '1', '2022-12-23 06:10:05', '2022-12-23 06:10:05'),
(148, 'I Kadek Agung Tirtayasa', 471417023, '-', 'L', '2', '7', '2017', '-', NULL, NULL, '1', '2022-12-23 06:10:50', '2022-12-23 06:10:50'),
(149, 'Ni Luh Ira Suitri', 931417107, '-', 'P', '8', '37', '2017', '-', NULL, NULL, '1', '2022-12-23 06:12:18', '2022-12-23 06:12:18'),
(150, 'Ni Made Pariratih', 153417003, '-', 'P', '3', '16', '2017', '-', NULL, NULL, '1', '2022-12-23 06:13:21', '2022-12-23 06:13:21'),
(151, 'I Gusti Ayu Putu Mastini', 153417043, '-', 'P', '3', '16', '2017', '-', NULL, NULL, '1', '2022-12-23 06:14:14', '2022-12-23 06:14:14'),
(152, 'Niluh Ria Karmini', 153417039, '-', 'P', '3', '16', '2017', '-', NULL, NULL, '1', '2022-12-23 06:15:17', '2022-12-23 06:15:17'),
(153, 'I Ketut Adi Artawana', 613417078, '-', 'L', '6', '29', '2017', '-', NULL, NULL, '1', '2022-12-23 06:16:58', '2022-12-23 06:16:58'),
(154, 'Ngakan Putu', 821417034, '-', 'L', '7', '33', '2017', '-', NULL, NULL, '1', '2022-12-23 06:18:19', '2022-12-23 06:18:19'),
(155, 'I Wayan Puja', 621417036, '-', 'L', '6', '30', '2017', '-', NULL, NULL, '1', '2022-12-23 06:19:29', '2022-12-23 06:19:29'),
(156, 'Komang Sriani', 911417009, '-', 'P', '8', '40', '2017', '-', NULL, NULL, '1', '2022-12-23 06:21:16', '2022-12-23 06:21:16'),
(157, 'I Putu Agus Artana Yasa', 131417030, '-', 'L', '8', '37', '2017', '-', NULL, NULL, '1', '2022-12-23 06:22:35', '2022-12-23 06:22:35'),
(158, 'Ni Made Ria Gustri Vianti', 442417051, '-', 'P', '2', '14', '2017', '-', NULL, NULL, '1', '2022-12-23 06:24:06', '2022-12-23 06:24:06'),
(159, 'Ni Wayan Nadia Puspasari', 541417077, '-', 'P', '7', '36', '2017', '-', NULL, NULL, '1', '2022-12-23 06:27:26', '2022-12-23 06:27:26'),
(160, 'Kadek Hartana', 921417103, '-', 'L', '8', '38', '2017', '-', NULL, NULL, '1', '2022-12-23 06:28:10', '2022-12-23 06:28:10'),
(161, 'Ade Melyawati S. Dewi', 841417172, '-', 'P', '7', '36', '2017', '-', NULL, NULL, '1', '2022-12-23 06:28:51', '2022-12-23 06:28:51'),
(162, 'I Putu  Heriawan', 941417018, '-', 'L', '4', '20', '2017', '-', NULL, NULL, '1', '2022-12-23 06:29:48', '2022-12-23 06:29:48'),
(163, 'I Nyoman Hendiana', 912417030, '-', 'L', '8', '39', '2017', '-', NULL, NULL, '1', '2022-12-23 06:31:01', '2022-12-23 06:31:01'),
(164, 'Ade Ari Puspita Dewi', 821417151, '-', 'P', '7', '33', '2017', '-', NULL, NULL, '1', '2022-12-23 06:31:41', '2022-12-23 06:31:41'),
(165, 'I Kadek Saras Mika', 544417006, '-', 'L', '1', '6', '2017', '-', NULL, NULL, '1', '2022-12-23 06:32:30', '2022-12-23 06:32:30'),
(166, 'Ni Wayan Alvi Eka Putri', 422416007, '-', 'P', '2', '13', '2017', '-', NULL, NULL, '1', '2022-12-23 06:33:23', '2022-12-23 06:33:23'),
(167, 'I Putu Rolianjana', 555555555, '-', 'L', '6', '28', '2016', '-', NULL, NULL, '1', '2022-12-23 17:36:24', '2022-12-23 17:36:24'),
(168, 'I Gede Widi Harta', 555555556, '-', 'L', '5', '26', '2016', '-', NULL, NULL, '1', '2022-12-23 17:37:49', '2022-12-23 17:37:49'),
(169, 'Kadek Sukertini', 111111111, '-', 'P', '2', '14', '2016', '-', NULL, NULL, '1', '2022-12-23 17:38:41', '2022-12-23 17:38:41'),
(170, 'Ni Putu Juli Rahmadani', 111111112, '-', 'P', '3', '17', '2016', '-', NULL, NULL, '1', '2022-12-23 17:39:46', '2022-12-23 17:39:46'),
(171, 'Ni Made Artini', 111111113, '-', 'P', '5', '27', '2016', '-', NULL, NULL, '1', '2022-12-23 17:40:33', '2022-12-23 17:40:33'),
(172, 'Ni Wayan Alvi Eka Putri', 111111114, '-', 'P', '2', '13', '2016', '-', NULL, NULL, '1', '2022-12-23 17:41:16', '2022-12-23 17:41:16'),
(173, 'I Gede Edi Sunadi', 111111115, '-', 'L', '1', '1', '2016', '-', NULL, NULL, '1', '2022-12-23 17:41:53', '2022-12-23 17:41:53'),
(174, 'I Gede Edi Sunadi', 111111117, '-', 'L', '1', '1', '2016', '-', NULL, NULL, '1', '2022-12-23 18:46:16', '2022-12-23 18:46:16'),
(175, 'Ida Ayu Putu Eka Sari', 111111118, '-', 'L', '8', '38', '2016', '-', NULL, NULL, '1', '2022-12-23 18:47:45', '2022-12-23 18:47:45'),
(176, 'Ida Ayu Putu Eka Sari', 111111119, '-', 'P', '8', '38', '2016', '-', NULL, NULL, '1', '2022-12-23 18:49:38', '2022-12-23 18:49:38'),
(177, 'Kadek Widiana', 111111110, '-', 'L', '1', '1', '2016', '-', NULL, NULL, '1', '2022-12-23 18:50:52', '2022-12-23 18:50:52'),
(178, 'Ajeng Rama Andany', 111112111, '-', 'L', '7', '36', '2016', '-', NULL, NULL, '1', '2022-12-23 18:52:22', '2022-12-23 18:52:22'),
(179, 'Kadek Sutami', 123333333, '-', 'P', '2', '12', '2016', '-', NULL, NULL, '1', '2022-12-23 18:53:17', '2022-12-23 18:53:17'),
(180, 'Ni Kadek Ayu Niarti', 211111111, '-', 'P', '8', '40', '2016', '-', NULL, NULL, '1', '2022-12-23 18:54:23', '2022-12-23 18:54:23'),
(181, 'I Gusti Ayu Mega Moniati', 145345666, '-', 'P', '2', '11', '2016', '-', NULL, NULL, '1', '2022-12-23 18:55:08', '2022-12-23 18:55:08'),
(182, 'Nyoman Ariani', 657456777, '-', 'P', '3', '17', '2016', '-', NULL, NULL, '1', '2022-12-23 18:55:45', '2022-12-23 18:55:45'),
(183, 'Niluh Suci Muliati', 29737276, '-', 'P', '8', '38', '2016', '-', NULL, NULL, '1', '2022-12-23 18:56:21', '2022-12-23 18:56:21'),
(184, 'I Kadek Maryana', 121212121, '-', 'L', '2', '14', '2016', '-', NULL, NULL, '1', '2022-12-23 18:57:06', '2022-12-23 18:57:06'),
(185, 'I Putu Widnyana', 321123321, '-', 'L', '1', '4', '2016', '-', NULL, NULL, '1', '2022-12-23 18:57:52', '2022-12-23 18:57:52'),
(186, 'I Kadek Roy Partha W.', 123443211, '-', 'L', '4', '24', '2016', '-', NULL, NULL, '1', '2022-12-23 18:58:37', '2022-12-23 18:58:37'),
(187, 'I Made Efendi Warmanto', 654567654, '-', 'L', '1', '1', '2016', '-', NULL, NULL, '1', '2022-12-23 18:59:46', '2022-12-23 18:59:46'),
(188, 'Made Andika', 323223433, '-', 'L', '8', '38', '2016', '-', NULL, NULL, '1', '2022-12-23 19:00:18', '2022-12-23 19:00:18'),
(189, 'I Made Sujana', 789098766, '-', 'L', '1', '4', '2016', '-', NULL, NULL, '1', '2022-12-23 19:00:51', '2022-12-23 19:00:51'),
(190, 'I Wayan Agus Aribawa', 123323212, '-', 'L', '1', '4', '2016', '-', NULL, NULL, '1', '2022-12-23 19:02:00', '2022-12-23 19:02:00'),
(191, 'I Ketut Suwarta', 344334333, '-', 'L', '4', '24', '2016', '-', NULL, NULL, '1', '2022-12-23 19:02:46', '2022-12-23 19:02:46'),
(192, 'Sanis Satriawan', 99386535, '-', 'L', '1', '4', '2016', '-', NULL, NULL, '1', '2022-12-23 19:03:26', '2022-12-23 19:03:26'),
(193, 'I Wayan Ardiana', 987814736, '-', 'L', '1', '4', '2016', '-', NULL, NULL, '1', '2022-12-23 19:04:04', '2022-12-23 19:04:04'),
(194, 'I Nengah Dwi Kumbara Dika', 545454442, '-', 'L', '1', '3', '2016', '-', NULL, NULL, '1', '2022-12-23 19:04:41', '2022-12-23 19:04:41'),
(195, 'I Putu Eka Saputra', 98765443, '-', 'L', '1', '1', '2016', '-', NULL, NULL, '1', '2022-12-23 19:05:28', '2022-12-23 19:05:28'),
(196, 'I Kadek Kariasta', 233421234, '-', 'L', '8', '38', '2016', '-', NULL, NULL, '1', '2022-12-23 19:06:05', '2022-12-23 19:06:05'),
(197, 'Wayan Heri Kusuma Putra', 786557488, '-', 'L', '2', '14', '2016', '-', NULL, NULL, '1', '2022-12-23 19:06:38', '2022-12-23 19:06:38'),
(198, 'Ketut Anggi Sugita', 656565544, '-', 'L', '8', '40', '2016', '-', NULL, NULL, '1', '2022-12-23 19:07:29', '2022-12-23 19:07:29'),
(199, 'I Made Sumerta', 456543234, '-', 'L', '6', '29', '2016', '-', NULL, NULL, '1', '2022-12-23 19:08:03', '2022-12-23 19:08:03'),
(200, 'Ngakan Gede Arinata', 908787654, '-', 'L', '9', '41', '2016', '-', NULL, NULL, '1', '2022-12-23 19:08:36', '2022-12-23 19:08:36'),
(201, 'Ni Kadek Oka Pyadayanti', 874746537, '-', 'P', '3', '17', '2016', '-', NULL, NULL, '1', '2022-12-23 19:09:15', '2022-12-23 19:09:15'),
(202, 'Ni Made Dwi Juli Ernayani', 345678903, '-', 'P', '8', '37', '2016', '-', NULL, NULL, '1', '2022-12-23 19:09:59', '2022-12-23 19:09:59'),
(203, 'Gusti Sayu Rai Dwi', 878909876, '-', 'P', '3', '17', '2016', '-', NULL, NULL, '1', '2022-12-23 19:10:36', '2022-12-23 19:10:36'),
(204, 'Kadek Rosita Dewi Y.', 578932023, '-', 'P', '2', '11', '2016', '-', NULL, NULL, '1', '2022-12-23 19:11:18', '2022-12-23 19:11:18'),
(205, 'Gsti Ayu Putu Laksmi Paramita', 435231938, '-', 'P', '2', '13', '2016', '-', NULL, NULL, '1', '2022-12-23 19:11:57', '2022-12-23 19:11:57'),
(206, 'Ni Made Puji Rahayu Sari', 875432567, '-', 'P', '8', '38', '2016', '-', NULL, NULL, '1', '2022-12-23 19:12:31', '2022-12-23 19:12:31'),
(207, 'I Gusti Made Teresne', 355527829, '-', 'L', '5', '26', '2016', '-', NULL, NULL, '1', '2022-12-23 19:13:11', '2022-12-23 19:13:11'),
(208, 'Ni Wayan Sefi Yuliyanti', 508233223, '-', 'P', '3', '17', '2016', '-', NULL, NULL, '1', '2022-12-23 19:13:55', '2022-12-23 19:13:55'),
(209, 'I Kadek Ardanayasa', 459052134, '-', 'L', '9', '41', '2016', '-', NULL, NULL, '1', '2022-12-23 19:14:34', '2022-12-23 19:14:34'),
(210, 'I Komang Kris Kamisma', 908070605, '-', 'L', '9', '41', '2016', '-', NULL, NULL, '1', '2022-12-23 19:15:06', '2022-12-23 19:15:06'),
(211, 'Ni Kadek Kurniawati', 402298838, '-', 'P', '8', '40', '2016', '-', NULL, NULL, '1', '2022-12-23 19:15:49', '2022-12-23 19:15:49'),
(212, 'I Wayan Eka Sultra', 435890763, '-', 'L', '2', '12', '2016', '-', NULL, NULL, '1', '2022-12-23 19:16:27', '2022-12-23 19:16:27'),
(213, 'Wayan budihartini', 756458778, '-', 'P', '4', '24', '2015', '-', NULL, NULL, '1', '2022-12-23 19:39:32', '2022-12-23 19:39:32'),
(214, 'Komang sugianti', 987542568, '-', 'P', '2', '7', '2015', '-', NULL, NULL, '1', '2022-12-23 19:40:19', '2022-12-23 19:40:19'),
(215, 'Ni putu yuni vidiyanti', 964473222, '-', 'P', '3', '17', '2015', '-', NULL, NULL, '1', '2022-12-23 19:41:08', '2022-12-23 19:41:08'),
(216, 'Ni komang darmini', 336743575, '-', 'P', '3', '17', '2015', '-', NULL, NULL, '1', '2022-12-23 19:41:51', '2022-12-23 19:41:51'),
(217, 'Ni luh dian parlina dewi', 97776544, '-', 'P', '3', '17', '2015', '-', NULL, NULL, '1', '2022-12-23 19:43:01', '2022-12-23 19:43:01'),
(218, 'Ni wayan selviyanti', 465678976, '-', 'P', '8', '38', '2015', '-', NULL, NULL, '1', '2022-12-23 19:43:50', '2022-12-23 19:43:50'),
(219, 'Yesi aprianti', 345789342, '-', 'P', '8', '40', '2015', '-', NULL, NULL, '1', '2022-12-23 19:44:30', '2022-12-23 19:44:30'),
(220, 'Yeni apriani', 723668155, '-', 'P', '2', '13', '2015', '-', NULL, NULL, '1', '2022-12-23 19:45:08', '2022-12-23 19:45:08'),
(221, 'Ni komang devi ardianti', 986534324, '-', 'P', '7', '33', '2015', '-', NULL, NULL, '1', '2022-12-23 19:45:54', '2022-12-23 19:45:54'),
(222, 'I gusti putu maranata', 344235533, '-', 'L', '5', '26', '2015', '-', NULL, NULL, '1', '2022-12-23 19:48:03', '2022-12-23 19:48:03'),
(223, 'Ni luh komang nadi parwati', 344675586, '-', 'P', '5', '26', '2015', '-', NULL, NULL, '1', '2022-12-23 19:48:55', '2022-12-23 19:48:55'),
(224, 'Ni wayan desni', 235878544, '-', 'P', '2', '14', '2015', '-', NULL, NULL, '1', '2022-12-23 19:49:44', '2022-12-23 19:49:44'),
(225, 'Wayan daniasih', 443647586, '-', 'P', '3', '17', '2015', '-', NULL, NULL, '1', '2022-12-23 19:50:27', '2022-12-23 19:50:27'),
(226, 'Ni ketut susesni', 823823653, '-', 'P', '2', '12', '2015', '-', NULL, NULL, '1', '2022-12-23 19:51:05', '2022-12-23 19:51:05'),
(227, 'Anak agung ayu putrid', 357876655, '-', 'P', '2', '12', '2015', '-', NULL, NULL, '1', '2022-12-23 19:51:47', '2022-12-23 19:51:47'),
(228, 'Ni nyoman sulistiani', 7876565, '-', 'P', '3', '17', '2015', '-', NULL, NULL, '1', '2022-12-23 19:52:27', '2022-12-23 19:52:27'),
(229, 'Ni ketut sukerti', 938877366, '-', 'P', '3', '17', '2015', '-', NULL, NULL, '1', '2022-12-23 19:53:09', '2022-12-23 19:53:09'),
(230, 'Ni ketut sukerti', 323343858, '-', 'P', '3', '17', '2015', '-', NULL, NULL, '1', '2022-12-23 19:54:37', '2022-12-23 19:54:37'),
(231, 'I made reki artawan', 947763675, '-', 'L', '2', '7', '2015', '-', NULL, NULL, '1', '2022-12-23 19:56:05', '2022-12-23 19:56:05'),
(232, 'I kadek suantara', 456434357, '-', 'P', '4', '24', '2015', '-', NULL, NULL, '1', '2022-12-23 19:56:42', '2022-12-23 19:56:42'),
(233, 'I wayan diki saputra', 932873626, '-', 'L', '6', '28', '2015', '-', NULL, NULL, '1', '2022-12-23 19:58:00', '2022-12-23 19:58:00'),
(234, 'Ni nengah sistawati', 832787636, '-', 'P', '2', '12', '2015', '-', NULL, NULL, '1', '2022-12-23 19:58:56', '2022-12-23 19:58:56'),
(235, 'Ni wayan sarimi', 233567888, '-', 'P', '1', '2', '2015', '-', NULL, NULL, '1', '2022-12-23 19:59:58', '2022-12-23 19:59:58'),
(236, 'I wayan putra kresna jaya', 988777665, '-', 'L', '6', '29', '2015', '-', NULL, NULL, '1', '2022-12-23 20:00:52', '2022-12-23 20:00:52'),
(237, 'Wayan wagita', 325786999, '-', 'L', '1', '6', '2015', '-', NULL, NULL, '1', '2022-12-23 20:01:46', '2022-12-23 20:01:46'),
(238, 'Dewa gede wijana', 435758844, '-', 'L', '3', '17', '2015', '-', NULL, NULL, '1', '2022-12-23 20:02:25', '2022-12-23 20:02:25'),
(239, 'I gusti ngurah eka darma putra', 949838778, '-', 'L', '1', '5', '2015', '-', NULL, NULL, '1', '2022-12-23 20:03:13', '2022-12-23 20:03:13'),
(240, 'Dewa gede giri', 879654334, '-', 'L', '4', '21', '2015', '-', NULL, NULL, '1', '2022-12-23 20:04:01', '2022-12-23 20:04:01'),
(241, 'I wayan rifaldi tresna govinda', 839873667, '-', 'L', '2', '7', '2015', '-', NULL, NULL, '1', '2022-12-23 20:04:39', '2022-12-23 20:04:39'),
(242, 'Dewa made cakra gunawan', 98474535, '-', 'L', '1', '5', '2015', '-', NULL, NULL, '1', '2022-12-23 20:05:17', '2022-12-23 20:05:17'),
(243, 'I gede sindu pratama', 554466773, '-', 'L', '2', '7', '2015', '-', NULL, NULL, '1', '2022-12-23 20:05:52', '2022-12-23 20:05:52'),
(244, 'I wayan suwikarsa', 928978972, '-', 'L', '1', '4', '2015', '-', NULL, NULL, '1', '2022-12-23 20:06:26', '2022-12-23 20:06:26'),
(245, 'I nyoman santika', 294999889, '-', 'L', '1', '4', '2015', '-', NULL, NULL, '1', '2022-12-23 20:07:02', '2022-12-23 20:07:02'),
(246, 'Nengah swastika', 983476663, '-', 'L', '1', '4', '2015', '-', NULL, NULL, '1', '2022-12-23 20:07:46', '2022-12-23 20:07:46'),
(247, 'Si ngurah nyoman arianto', 238784783, '-', 'L', '4', '23', '2015', '-', NULL, NULL, '1', '2022-12-23 20:08:30', '2022-12-23 20:08:30'),
(248, 'I gusti made surya adi candra', 342345543, '-', 'L', '1', '4', '2015', '-', NULL, NULL, '1', '2022-12-23 20:09:15', '2022-12-23 20:09:15'),
(249, 'I kadek winarta', 902378774, '-', 'L', '1', '5', '2015', '-', NULL, NULL, '1', '2022-12-23 20:10:14', '2022-12-23 20:10:14'),
(250, 'I Komang Santika', 433456632, '-', 'L', '8', '38', '2014', '-', NULL, NULL, '1', '2022-12-23 20:13:02', '2022-12-23 20:13:02'),
(251, 'Komang Wastra', 980474983, '-', 'L', '1', '6', '2014', '-', NULL, NULL, '1', '2022-12-23 20:13:41', '2022-12-23 20:13:41'),
(252, 'Made Dwi Harinata', 94888938, '-', 'L', '1', '5', '2014', '-', NULL, NULL, '1', '2022-12-23 20:14:17', '2022-12-23 20:14:17'),
(253, 'Ni Nyoman Ayu Dewi', 324664664, '-', 'P', '2', '13', '2014', '-', NULL, NULL, '1', '2022-12-23 20:14:50', '2022-12-23 20:14:50'),
(254, 'Ni Nyoman Sriastuti', 121233221, '-', 'P', '2', '13', '2014', '-', NULL, NULL, '1', '2022-12-23 20:19:12', '2022-12-23 20:20:27'),
(255, 'Made Sri Indryani', 899784897, '-', 'P', '2', '11', '2014', '-', NULL, NULL, '1', '2022-12-23 20:21:23', '2022-12-23 20:21:23'),
(256, 'Ni Wayan Sutarmiasih', 877839939, '-', 'P', '9', '41', '2014', '-', NULL, NULL, '1', '2022-12-23 20:22:22', '2022-12-23 20:22:22'),
(257, 'Ni Made Liya', 9908877, '-', 'P', '2', '13', '2014', '-', NULL, NULL, '1', '2022-12-23 20:24:36', '2022-12-23 20:24:36'),
(258, 'Gusti Ayu Nelly', 736288888, '-', 'P', '2', '13', '2014', '-', NULL, NULL, '1', '2022-12-23 20:25:23', '2022-12-23 20:25:23'),
(259, 'I Gede Subawe', 766556565, '-', 'L', '2', '13', '2014', '-', NULL, NULL, '1', '2022-12-23 20:26:07', '2022-12-23 20:26:07'),
(260, 'I Wayan Umbarawata', 532223244, '-', 'L', '1', '6', '2014', '-', NULL, NULL, '1', '2022-12-23 20:26:49', '2022-12-23 20:26:49'),
(261, 'I Gusti Ngurah Dwi', 574433355, '-', 'L', '8', '40', '2014', '-', NULL, NULL, '1', '2022-12-23 20:27:57', '2022-12-23 20:27:57'),
(262, 'Ni Komang Mustiari', 342334232, '-', 'P', '2', '13', '2014', '-', NULL, NULL, '1', '2022-12-23 20:28:40', '2022-12-23 20:28:40'),
(263, 'Ni Wayan Purnawati', 112211222, '-', 'P', '2', '13', '2014', '-', NULL, NULL, '1', '2022-12-23 20:32:23', '2022-12-23 20:32:23'),
(264, 'Ni Luh Mira Gunanti', 342324455, '-', 'P', '8', '40', '2014', '-', NULL, NULL, '1', '2022-12-23 20:33:10', '2022-12-23 20:33:10'),
(265, 'Ni Gusti Ayu Krisnayanti', 99878767, '-', 'P', '8', '38', '2014', '-', NULL, NULL, '1', '2022-12-23 20:34:04', '2022-12-23 20:34:04'),
(266, 'Ni Putu Desi Ayuni', 888888888, '-', 'P', '8', '37', '2014', '-', NULL, NULL, '1', '2022-12-23 20:35:02', '2022-12-23 20:35:02'),
(267, 'Ni Kadek Rusmiati', 222222222, '-', 'P', '5', '27', '2014', '-', NULL, NULL, '1', '2022-12-23 20:35:52', '2022-12-23 20:35:52'),
(268, 'I Made Suryanta', 677676865, '-', 'L', '1', '3', '2014', '-', NULL, NULL, '1', '2022-12-23 20:36:36', '2022-12-23 20:36:36'),
(269, 'Ni Luh Sastrini', 766765556, '-', 'P', '5', '27', '2014', '-', NULL, NULL, '1', '2022-12-23 20:37:25', '2022-12-23 20:37:25'),
(270, 'I Made Yogi Sanjaya', 235546655, '-', 'L', '5', '25', '2014', '-', NULL, NULL, '1', '2022-12-23 20:38:29', '2022-12-23 20:38:29'),
(271, 'I Wayan Agus widiana', 434678885, '-', 'L', '2', '12', '2014', '-', NULL, NULL, '1', '2022-12-23 20:39:08', '2022-12-23 20:39:08'),
(272, 'Ni Luh Dewi noviani', 323562772, '-', 'P', '6', '28', '2014', '-', NULL, NULL, '1', '2022-12-23 20:40:02', '2022-12-23 20:40:02'),
(273, 'I Made Sukarya', 465869796, '-', 'L', '8', '40', '2014', '-', NULL, NULL, '1', '2022-12-23 20:40:42', '2022-12-23 20:40:42'),
(274, 'I Wayan Hendra', 643346232, '-', 'L', '1', '1', '2014', '-', NULL, NULL, '1', '2022-12-23 20:42:20', '2022-12-23 20:42:20'),
(275, 'Ni wayan ruci', 332355323, '-', 'P', '1', '2', '2014', '-', NULL, NULL, '1', '2022-12-23 20:43:18', '2022-12-23 20:43:18'),
(276, 'Nyoman setiawan', 645747654, '-', 'L', '1', '1', '2014', '-', NULL, NULL, '1', '2022-12-23 20:43:57', '2022-12-23 20:43:57'),
(277, 'Ni kadek nami', 325346332, '-', 'P', '4', '24', '2014', '-', NULL, NULL, '1', '2022-12-23 20:44:40', '2022-12-23 20:44:40'),
(278, 'Ni Putu Maryanti', 232332323, '-', 'P', '3', '17', '2013', '-', NULL, NULL, '1', '2022-12-23 20:47:00', '2022-12-23 20:47:00'),
(279, 'Ni Wayan Purniasih', 122213323, '-', 'P', '3', '17', '2013', '-', NULL, NULL, '1', '2022-12-23 20:48:17', '2022-12-23 20:48:17'),
(280, 'I Gusti Ngurah Buda Yadnya', 893278767, '-', 'L', '1', '1', '2013', '-', NULL, NULL, '1', '2022-12-23 20:48:58', '2022-12-23 20:48:58'),
(281, 'Ni Wayan Oktari Dewi', 322345345, '-', 'P', '7', '33', '2013', '-', NULL, NULL, '1', '2022-12-23 20:49:39', '2022-12-23 20:49:39'),
(282, 'Ni Wayan Rina Soviani', 432524555, '-', 'P', '3', '17', '2013', '-', NULL, NULL, '1', '2022-12-23 20:50:16', '2022-12-23 20:50:16'),
(283, 'Ayu Setia Dewi', 545454545, '-', 'P', '3', '17', '2013', '-', NULL, NULL, '1', '2022-12-23 20:51:01', '2022-12-23 20:51:01'),
(284, 'I Kadek Uma Bayu', 535322333, '-', 'L', '2', '13', '2013', '-', NULL, NULL, '1', '2022-12-23 20:51:48', '2022-12-23 20:51:48'),
(285, 'I Kadek  Dony Angriawan', 344223444, '-', 'L', '7', '33', '2013', '-', NULL, NULL, '1', '2022-12-23 20:52:37', '2022-12-23 20:52:37'),
(286, 'Ni Made Ary Wardani', 645342424, '-', 'P', '7', '33', '2013', '-', NULL, NULL, '1', '2022-12-23 20:53:22', '2022-12-23 20:53:22'),
(287, 'Ni Nyoman Pujiani', 544333443, '-', 'P', '2', '13', '2013', '-', NULL, NULL, '1', '2022-12-23 20:58:35', '2022-12-23 20:58:35'),
(288, 'Wayan Lena Astawa', 543333333, '-', 'L', '1', '5', '2013', '-', NULL, NULL, '1', '2022-12-23 20:59:16', '2022-12-23 20:59:16'),
(289, 'I Putu Rois Adnyana', 224554444, '-', 'L', '4', '24', '2013', '-', NULL, NULL, '1', '2022-12-23 20:59:53', '2022-12-23 20:59:53'),
(290, 'I Wayan Sugiharta', 987888666, '-', 'L', '2', '11', '2013', '-', NULL, NULL, '1', '2022-12-23 21:00:39', '2022-12-23 21:00:39'),
(291, 'I Gede Made Santika', 234321244, '-', 'L', '5', '27', '2013', '-', NULL, NULL, '1', '2022-12-23 21:01:32', '2022-12-23 21:01:32'),
(292, 'Dewa Gede Suryanta', 654433435, '-', 'L', '3', '17', '2013', '-', NULL, NULL, '1', '2022-12-23 21:02:09', '2022-12-23 21:02:09'),
(293, 'Nengah Sugiartono', 233255555, '-', 'L', '8', '37', '2013', '-', NULL, NULL, '1', '2022-12-23 21:02:50', '2022-12-23 21:02:50'),
(294, 'Ni Kadek Widnyani', 436433333, '-', 'P', '6', '28', '2013', '-', NULL, NULL, '1', '2022-12-23 21:03:38', '2022-12-23 21:03:38'),
(295, 'Ni Wayan Meinawati', 898765666, '-', 'P', '6', '28', '2013', '-', NULL, NULL, '1', '2022-12-23 21:04:16', '2022-12-23 21:04:16'),
(296, 'I Kadek Sutriadi', 555555557, '-', 'L', '1', '4', '2013', '-', NULL, NULL, '1', '2022-12-23 21:05:23', '2022-12-23 21:05:23'),
(297, 'I Kadek Dwijaputra', 445454444, '-', 'L', '1', '4', '2013', '-', NULL, NULL, '1', '2022-12-23 21:05:59', '2022-12-23 21:05:59'),
(298, 'I Putu Lingga Dharma', 566778876, '-', 'L', '1', '5', '2013', '-', NULL, NULL, '1', '2022-12-23 21:06:40', '2022-12-23 21:06:40'),
(299, 'I Gusti Ngurah Mahardikantara', 654444444, '-', 'L', '4', '23', '2013', '-', NULL, NULL, '1', '2022-12-23 21:07:41', '2022-12-23 21:07:41'),
(300, 'I Made Markus Palguna', 989898778, '-', 'L', '7', '34', '2013', '-', NULL, NULL, '1', '2022-12-23 21:08:37', '2022-12-23 21:08:37'),
(301, 'I Nyoman Sukadana', 566756677, '-', 'L', '2', '11', '2013', '-', NULL, NULL, '1', '2022-12-23 21:09:25', '2022-12-23 21:09:25'),
(302, 'I Wayan Wediyana', 565754555, '-', 'L', '8', '37', '2013', '-', NULL, NULL, '1', '2022-12-23 21:10:26', '2022-12-23 21:10:26'),
(303, 'Kadek Budiartawan', 645533453, '-', 'L', '3', '17', '2013', '-', NULL, NULL, '1', '2022-12-23 21:11:14', '2022-12-23 21:11:14'),
(304, 'Komang Suwiarta', 655663543, '-', 'L', '1', '4', '2013', '-', NULL, NULL, '1', '2022-12-23 21:11:57', '2022-12-23 21:11:57'),
(305, 'Ni Ayu Putu Desi Melawati', 546786533, '-', 'P', '2', '11', '2013', '-', NULL, NULL, '1', '2022-12-23 21:12:39', '2022-12-23 21:12:39'),
(306, 'Ni Kadek Sriyanti', 545456456, '-', 'P', '2', '7', '2013', '-', NULL, NULL, '1', '2022-12-23 21:13:40', '2022-12-23 21:13:40'),
(307, 'Ni Kadek Tantri', 897889788, '-', 'P', '2', '13', '2013', '-', NULL, NULL, '1', '2022-12-23 21:14:23', '2022-12-23 21:14:23'),
(308, 'Ni Ketut Ayu Kartini', 554645555, '-', 'P', '2', '11', '2013', '-', NULL, NULL, '1', '2022-12-23 21:15:07', '2022-12-23 21:15:07'),
(309, 'Ni luh Ayu Nuryani', 565645554, '-', 'P', '2', '11', '2013', '--', NULL, NULL, '1', '2022-12-23 21:15:49', '2022-12-23 21:15:49'),
(310, 'Ni Wayan Antaryani', 766855454, '-', 'P', '3', '17', '2013', '-', NULL, NULL, '1', '2022-12-23 21:16:28', '2022-12-23 21:16:28'),
(311, 'Ni Gusti Ayu Indahyani', 455473444, '-', 'P', '7', '33', '2013', '-', NULL, NULL, '1', '2022-12-23 21:17:14', '2022-12-23 21:17:14'),
(312, 'I Wayan Dika Agus Sucipta', 547547475, '-', 'L', '2', '7', '2012', '---', NULL, NULL, '1', '2022-12-23 21:28:32', '2022-12-23 21:28:32'),
(313, 'Ni Kadek Era Wati', 223434343, '-', 'P', '5', '27', '2013', '-', NULL, NULL, '1', '2022-12-23 21:29:19', '2022-12-23 21:29:19'),
(314, 'Ni Kadek Sudiarti', 233445344, '-', 'P', '4', '24', '2012', '-', NULL, NULL, '1', '2022-12-23 21:29:58', '2022-12-23 21:29:58'),
(315, 'Ni Gusti Ayu Putu Suartini', 433434344, '-', 'P', '4', '24', '2012', '-', NULL, NULL, '1', '2022-12-23 21:31:20', '2022-12-23 21:31:20'),
(316, 'Ni Kadek ErdaYani', 345454545, '-', 'P', '8', '40', '2012', '--', NULL, NULL, '1', '2022-12-23 21:32:53', '2022-12-23 21:32:53'),
(317, 'I Gusti Made Buana', 436644444, '-', 'L', '2', '13', '2012', '-', NULL, NULL, '1', '2022-12-23 21:33:43', '2022-12-23 21:33:43'),
(318, 'Ni Putu Lasmita Devi S. Y.', 234342323, '-', 'P', '2', '12', '2012', '-', NULL, NULL, '1', '2022-12-23 21:35:05', '2022-12-23 21:35:05'),
(319, 'Gusti Ayu Meidawati', 545434353, '-', 'P', '2', '12', '2012', '-', NULL, NULL, '1', '2022-12-23 21:35:57', '2022-12-23 21:35:57'),
(320, 'Ni Gusti Ayu Purwita', 435788977, '-', 'P', '3', '17', '2012', '-', NULL, NULL, '1', '2022-12-23 21:36:56', '2022-12-23 21:36:56'),
(321, 'Dewa Gede Widya Arta', 893487766, '-', 'L', '1', '6', '2012', '-', NULL, NULL, '1', '2022-12-23 21:37:41', '2022-12-23 21:37:41'),
(322, 'I Wayan Alit', 487859373, '-', 'L', '6', '29', '2012', '---', NULL, NULL, '1', '2022-12-23 21:38:20', '2022-12-23 21:38:20'),
(323, 'NengahAstrawan', 434444442, '-', 'L', '6', '29', '2012', '---', NULL, NULL, '1', '2022-12-23 21:39:11', '2022-12-23 21:39:11'),
(324, 'Ni KadekSumeiantari', 345555555, '-', 'P', '5', '27', '2012', '-', NULL, NULL, '1', '2022-12-23 21:39:45', '2022-12-23 21:39:45'),
(325, 'I KadekYudiPratama', 90988989, '-', 'L', '5', '27', '2012', '-', NULL, NULL, '1', '2022-12-23 21:40:26', '2022-12-23 21:40:26'),
(326, 'I NyomanSedana Arta', 232321212, '-', 'L', '5', '27', '2012', '-', NULL, NULL, '1', '2022-12-23 21:41:11', '2022-12-23 21:41:11'),
(327, 'I KadekRestamo', 322344534, '-', 'L', '5', '26', '2012', '-', NULL, NULL, '1', '2022-12-23 21:41:49', '2022-12-23 21:41:49'),
(328, 'GustiAyuResdiani', 873983643, '-', 'P', '5', '27', '2012', '-', NULL, NULL, '1', '2022-12-23 21:42:30', '2022-12-23 21:42:30'),
(329, 'NiluhNaniJuniArini', 345323333, '-', 'P', '3', '16', '2012', '---', NULL, NULL, '1', '2022-12-23 21:43:15', '2022-12-23 21:43:15'),
(330, 'I KadekKundra', 666655555, '-', 'L', '8', '37', '2012', '-', NULL, NULL, '1', '2022-12-23 21:43:59', '2022-12-23 21:43:59'),
(331, 'Made Widana', 344444444, '-', 'L', '8', '38', '2012', '-', NULL, NULL, '1', '2022-12-23 21:44:40', '2022-12-23 21:44:40'),
(332, 'I KadekSatriaArsana', 328974422, '-', 'L', '8', '40', '2012', '-', NULL, NULL, '1', '2022-12-23 21:46:35', '2022-12-23 21:46:35'),
(333, 'I WayanWirjana', 992887732, '-', 'L', '8', '38', '2012', '-', NULL, NULL, '1', '2022-12-23 21:47:31', '2022-12-23 21:47:31'),
(334, 'Ni WayanAswindawati', 454321212, '-', 'P', '2', '12', '2012', '-', NULL, NULL, '1', '2022-12-23 21:48:44', '2022-12-23 21:48:44'),
(335, 'EkaAmerta', 809776655, '-', 'L', '1', '5', '2012', '-', NULL, NULL, '1', '2022-12-23 21:49:30', '2022-12-23 21:49:30'),
(336, 'I Made Suirna', 674544677, '-', 'L', '2', '13', '2012', '-', NULL, NULL, '1', '2022-12-23 21:50:32', '2022-12-23 21:50:32'),
(337, 'I KadekSutrana', 467532224, '-', 'L', '2', '12', '2012', '-', NULL, NULL, '1', '2022-12-23 21:51:26', '2022-12-23 21:51:26'),
(338, 'I WayanPurwaArsana', 355556545, '-', 'L', '2', '7', '2012', '-', NULL, NULL, '1', '2022-12-23 21:52:20', '2022-12-23 21:52:20'),
(339, 'Ni KomangRatnaPuspita Sari', 546666666, '-', 'P', '4', '24', '2012', '-', NULL, NULL, '1', '2022-12-23 21:53:34', '2022-12-23 21:53:34'),
(340, 'Ni KadekSumarni', 675432334, '-', 'P', '7', '34', '2012', '-', NULL, NULL, '1', '2022-12-23 21:54:28', '2022-12-23 21:54:28'),
(341, 'Ni Komang Sri Indriani', 676656544, '-', 'P', '2', '7', '2012', '-', NULL, NULL, '1', '2022-12-23 21:55:08', '2022-12-23 21:55:08'),
(342, 'Dewa Kadek Erik Purnawan', 675785767, '-', 'L', '2', '7', '2012', '-', NULL, NULL, '1', '2022-12-23 21:55:45', '2022-12-23 21:55:45'),
(343, 'Ni WayanNovitaAndriani', 343234234, '-', 'P', '2', '11', '2012', '-', NULL, NULL, '1', '2022-12-23 21:56:29', '2022-12-23 21:56:29'),
(344, 'I Putu Sudarma', 123321123, '-', 'L', '5', '26', '2011', '-', NULL, NULL, '1', '2022-12-23 21:57:19', '2022-12-23 21:57:19'),
(345, 'Ni NyomanWidiantari', 123443212, '-', 'P', '2', '14', '2011', '-', NULL, NULL, '1', '2022-12-23 21:58:01', '2022-12-23 21:58:01'),
(346, 'I Made Sadika', 123455432, '-', 'L', '4', '23', '2011', '-', NULL, NULL, '1', '2022-12-23 21:58:55', '2022-12-23 21:58:55'),
(347, 'Ni Putu Sumawarniti', 234467888, '-', 'P', '2', '7', '2011', '-', NULL, NULL, '1', '2022-12-23 22:00:24', '2022-12-23 22:00:24'),
(348, 'Ni Kadek Widiasih', 121232321, '-', 'P', '5', '27', '2012', '---', NULL, NULL, '1', '2022-12-23 22:01:06', '2022-12-23 22:01:06'),
(349, 'Ida Bagus Made Tirta', 121221212, '-', 'L', '6', '29', '2011', '-', NULL, NULL, '1', '2022-12-23 22:01:46', '2022-12-23 22:01:46'),
(350, 'I Putu N. Angggara', 313133113, '-', 'L', '7', '34', '2011', '-', NULL, NULL, '1', '2022-12-23 22:02:25', '2022-12-23 22:02:25'),
(351, 'I Nyoman Andi Tri Satyo', 414312123, '-', 'L', '2', '7', '2011', '-', NULL, NULL, '1', '2022-12-23 22:03:04', '2022-12-23 22:03:04'),
(352, 'I Gede Ariana', 142334453, '-', 'L', '2', '11', '2011', '-', NULL, NULL, '1', '2022-12-23 22:03:46', '2022-12-23 22:03:46'),
(353, 'I Wayan Edi Prastya', 876564452, '-', 'L', '2', '7', '2011', '-', NULL, NULL, '1', '2022-12-23 22:04:55', '2022-12-23 22:04:55'),
(354, 'I Ketut Artamana', 453432432, '-', 'L', '5', '27', '2011', '-', NULL, NULL, '1', '2022-12-23 22:05:36', '2022-12-23 22:05:36'),
(355, 'I Made Astana', 99785654, '-', 'L', '2', '13', '2012', '-', NULL, NULL, '1', '2022-12-23 22:06:26', '2022-12-23 22:06:26'),
(356, 'I Gusti Ngurah Yuda Pradana', 437986834, '-', 'L', '2', '7', '2011', '-', NULL, NULL, '1', '2022-12-23 22:08:04', '2022-12-23 22:08:04'),
(357, 'I Made Alit Putra', 903421323, '-', 'L', '1', '5', '2011', '-', NULL, NULL, '1', '2022-12-23 22:08:51', '2022-12-23 22:08:51'),
(358, 'Ni Wayan Ari Padmi', 897665656, '-', 'P', '5', '27', '2011', '-', NULL, NULL, '1', '2022-12-23 22:09:41', '2022-12-23 22:09:41'),
(359, 'I NyomanYasa', 877643344, '-', 'L', '4', '24', '2011', '-', NULL, NULL, '1', '2022-12-23 22:10:28', '2022-12-23 22:10:28'),
(360, 'I Ketut Alit Subawa', 214342322, '-', 'L', '7', '34', '2011', '-', NULL, NULL, '1', '2022-12-23 22:13:15', '2022-12-23 22:13:15'),
(361, 'I Gede Apriana Astama Putra', 906543412, '-', 'L', '1', '1', '2011', '---', NULL, NULL, '1', '2022-12-23 22:14:07', '2022-12-23 22:14:07'),
(362, 'Desak N. Sri Astuti', 321223213, '-', 'P', '3', '17', '2011', '-', NULL, NULL, '1', '2022-12-23 22:14:55', '2022-12-23 22:14:55'),
(363, 'Ni Made YuliAprianti', 435324232, '-', 'P', '2', '7', '2011', '-', NULL, NULL, '1', '2022-12-23 22:15:33', '2022-12-23 22:15:33');
INSERT INTO `anggota` (`id`, `nama`, `nim`, `alamat`, `jk`, `id_fakultas`, `id_jurusan`, `angkatan`, `hp`, `foto`, `remember_token`, `status`, `created_at`, `updated_at`) VALUES
(364, 'Niluh Putu Subadri', 678909843, '-', 'P', '2', '7', '2011', '-', NULL, NULL, '1', '2022-12-23 22:16:11', '2022-12-23 22:16:11'),
(365, 'Ni Kadek Sri Murtiasih', 234253233, '-', 'P', '2', '7', '2011', '-', NULL, NULL, '1', '2022-12-23 22:16:49', '2022-12-23 22:16:49'),
(366, 'I Kadek Suardana', 834676833, '-', 'P', '2', '7', '2011', '-', NULL, NULL, '1', '2022-12-23 22:17:25', '2022-12-23 22:17:25'),
(367, 'I Wayan Budiasa', 434545656, '-', 'L', '5', '27', '2011', '-', NULL, NULL, '1', '2022-12-23 22:18:12', '2022-12-23 22:18:12'),
(368, 'I Wayan Terianto', 838783763, '-', 'L', '1', '5', '2011', '-', NULL, NULL, '1', '2022-12-23 22:18:54', '2022-12-23 22:18:54'),
(369, 'I Putu Alit', 434534345, '-', 'L', '4', '21', '2011', '-', NULL, NULL, '1', '2022-12-23 22:19:32', '2022-12-23 22:19:32'),
(370, 'I Nyoman Ariawan', 234535352, '-', 'L', '1', '5', '2011', '-', NULL, NULL, '1', '2022-12-23 22:20:11', '2022-12-23 22:20:11'),
(371, 'A. A. Gede Winarta', 436466454, '-', 'L', '4', '24', '2011', '-', NULL, NULL, '1', '2022-12-23 22:21:04', '2022-12-23 22:21:04'),
(372, 'I Wayan Sutrisno', 425353533, '-', 'L', '1', '6', '2010', '-', NULL, NULL, '1', '2022-12-23 22:21:46', '2022-12-23 22:21:46'),
(373, 'I Wayan Agus Budiantara', 234343433, '-', 'L', '4', '24', '2010', '-', NULL, NULL, '1', '2022-12-23 22:22:25', '2022-12-23 22:22:25'),
(374, 'Ni Wayan Budiani', 342334543, '-', 'P', '2', '7', '2010', '-', NULL, NULL, '1', '2022-12-23 22:23:14', '2022-12-23 22:23:14'),
(375, 'Ni Made Ari Purwanti', 242422433, '-', 'P', '2', '7', '2010', '-', NULL, NULL, '1', '2022-12-23 22:24:12', '2022-12-23 22:24:12'),
(376, 'I Kadek Suarjana', 654545555, '-', 'L', '2', '13', '2010', '-', NULL, NULL, '1', '2022-12-23 22:25:02', '2022-12-23 22:25:02'),
(377, 'I Komang Agus Wirate', 754543354, '-', 'L', '5', '26', '2010', '-', NULL, NULL, '1', '2022-12-23 22:25:56', '2022-12-23 22:25:56'),
(378, 'I Kadek Sutaryana', 903898587, '-', 'L', '5', '27', '2010', '-', NULL, NULL, '1', '2022-12-23 22:26:49', '2022-12-23 22:26:49'),
(379, 'I Ketut Suartono', 898786767, '-', 'L', '1', '5', '2010', '-', NULL, NULL, '1', '2022-12-23 22:27:34', '2022-12-23 22:27:34'),
(380, 'Adik Evi W. R. Agustini', 127854342, '-', 'P', '5', '26', '2010', '-', NULL, NULL, '1', '2022-12-23 22:28:21', '2022-12-23 22:28:21'),
(381, 'Ni Made Masri', 545745477, '-', 'P', '5', '27', '2010', '-', NULL, NULL, '1', '2022-12-23 22:29:04', '2022-12-23 22:29:04'),
(382, 'A. A. Gede Putra W. D.', 767675789, '-', 'L', '5', '26', '2010', '-', NULL, NULL, '1', '2022-12-23 22:29:49', '2022-12-23 22:29:49'),
(383, 'I Made GD Wirabuana', 747788844, '-', 'L', '2', '7', '2010', '-', NULL, NULL, '1', '2022-12-23 22:30:26', '2022-12-23 22:30:26'),
(384, 'Agung Suputra', 777483733, '-', 'L', '5', '27', '2010', '-', NULL, NULL, '1', '2022-12-23 22:31:05', '2022-12-23 22:31:05'),
(385, 'Gusti Ariadi', 389458744, '-', 'L', '5', '27', '2010', '-', NULL, NULL, '1', '2022-12-23 22:31:39', '2022-12-23 22:31:39'),
(386, 'Gusti Ariadi', 783443333, '-', 'L', '5', '27', '2010', '-', NULL, NULL, '1', '2022-12-23 22:32:26', '2022-12-23 22:32:26'),
(387, 'I Komang Susita', 378239333, '-', 'L', '2', '7', '2009', '-', NULL, NULL, '1', '2022-12-23 22:43:42', '2022-12-23 22:43:42'),
(388, 'I Komang Susita', 562327363, '-', 'L', '1', '6', '2009', '-', NULL, NULL, '1', '2022-12-23 22:44:25', '2022-12-23 22:44:25'),
(389, 'I Kadek Darmayasa', 324245353, '-', 'L', '6', '30', '2009', '-', NULL, NULL, '1', '2022-12-23 22:45:24', '2022-12-23 22:45:24'),
(390, 'I Gede Arys Setiawan', 562321223, '-', 'L', '2', '13', '2009', '-', NULL, NULL, '1', '2022-12-23 22:46:10', '2022-12-23 22:46:10'),
(391, 'I Kadek Suparno', 992808476, '-', 'L', '5', '27', '2009', '-', NULL, NULL, '1', '2022-12-23 22:46:58', '2022-12-23 22:46:58'),
(392, 'I Putu Kartika', 324253535, '-', 'L', '2', '7', '2009', '-', NULL, NULL, '1', '2022-12-23 22:47:40', '2022-12-23 22:47:40'),
(393, 'Niluh Tika Ariani', 36527624, '-', 'P', '2', '7', '2009', '-', NULL, NULL, '1', '2022-12-23 22:48:23', '2022-12-23 22:48:23'),
(394, 'I Komang Astawa', 726728829, '-', 'L', '6', '30', '2008', '-', NULL, NULL, '1', '2022-12-23 22:49:05', '2022-12-23 22:49:05'),
(395, 'Fendi permata', 241421073, 'Dulumo utara', 'L', '4', '20', '2021', '-', NULL, NULL, '1', '2022-12-23 22:51:43', '2022-12-23 22:51:43'),
(396, 'I putu yoga prandika', 621421033, 'kelurahan moodu,kec.kota timur', 'L', '6', '30', '2021', '-', NULL, NULL, '1', '2022-12-23 22:53:11', '2022-12-23 22:53:11'),
(397, 'Ni Kadek Sugianti', 151421089, '-jl dewi Sartika kos aqualiti 1', 'P', '3', '17', '2021', '-', NULL, NULL, '1', '2022-12-23 22:54:22', '2022-12-23 22:55:20'),
(398, 'Ni Wayan Rusmini', 151421093, 'Ramsis UNG', 'P', '3', '17', '2021', '-', NULL, NULL, '1', '2022-12-23 22:56:37', '2022-12-23 22:56:37'),
(399, 'Komang Ismawati', 151421095, 'Ramsis UNG', 'P', '3', '17', '2021', '-', NULL, NULL, '1', '2022-12-23 22:57:47', '2022-12-23 22:57:47'),
(400, 'komang budiarta', 931421139, 'Ayula tilango', 'L', '8', '37', '2021', '-', NULL, NULL, '1', '2022-12-23 22:59:00', '2022-12-23 22:59:00'),
(401, 'I Dewa Gede Arya Wiranata', 931421173, '-', 'L', '8', '37', '2021', '-', NULL, NULL, '1', '2022-12-23 23:00:03', '2022-12-23 23:00:03'),
(402, 'Ni Ketut Nuriati', 221421068, '-', 'P', '4', '21', '2021', '-', NULL, NULL, '1', '2022-12-23 23:01:01', '2022-12-23 23:01:01'),
(403, 'Ni komang yumi ari yanti', 921421059, '-', 'P', '8', '38', '2021', '-', NULL, NULL, '1', '2022-12-23 23:02:54', '2022-12-23 23:02:54'),
(404, 'I Wayan Asta Andika', 921421065, '-', 'L', '8', '38', '2021', '-', NULL, NULL, '1', '2022-12-23 23:03:50', '2022-12-23 23:03:50'),
(405, 'I Komang Alit Suryadinata', 551421031, '-', 'L', '1', '3', '2021', '-', NULL, NULL, '1', '2022-12-23 23:05:09', '2022-12-23 23:05:09'),
(406, 'Ni Wayan Dina Galih', 153421008, '-', 'P', '3', '16', '2021', '-', NULL, NULL, '1', '2022-12-23 23:06:31', '2022-12-23 23:06:31'),
(407, 'Putri Mega Anjali', 131142100, '-', 'P', '7', '32', '2021', '-', NULL, NULL, '1', '2022-12-23 23:08:11', '2022-12-23 23:08:11'),
(408, 'Ni Made Murni Asih', 911421046, '-', 'P', '8', '40', '2021', '-', NULL, NULL, '1', '2022-12-23 23:09:22', '2022-12-23 23:09:22'),
(409, 'Dewa Ayu Dina Indah Purnama', 841421017, '-', 'P', '7', '36', '2021', '-', NULL, NULL, '1', '2022-12-23 23:10:19', '2022-12-23 23:10:19'),
(410, 'Niwayan widiani', 841421129, '-', 'P', '7', '36', '2021', '-', NULL, NULL, '1', '2022-12-23 23:11:16', '2022-12-23 23:11:16'),
(411, 'Dewa Alit Brata', 411421011, '-', 'L', '2', '12', '2021', '-', NULL, NULL, '1', '2022-12-23 23:12:06', '2022-12-23 23:12:06'),
(412, 'Ni Wayan Nita Sari Widiastuti', 221421032, '-', 'P', '4', '21', '2021', '-', NULL, NULL, '1', '2022-12-23 23:12:52', '2022-12-23 23:12:52'),
(413, 'Ni Kadek Yuniarti', 821421056, '-', 'P', '7', '33', '2021', '-', NULL, NULL, '1', '2022-12-23 23:13:45', '2022-12-23 23:13:45'),
(414, 'Ni Wayan Martyanti', 921421162, '-', 'P', '8', '38', '2021', '-', NULL, NULL, '1', '2022-12-23 23:14:46', '2022-12-23 23:14:46'),
(415, 'Ni nengah sunnita', 931421176, '-', 'P', '8', '37', '2021', '-', NULL, NULL, '1', '2022-12-23 23:15:35', '2022-12-23 23:15:35'),
(416, 'NI PUTU CITRA PRATIWI', 151421124, '-', 'P', '3', '17', '2021', '-', NULL, NULL, '1', '2022-12-23 23:18:04', '2022-12-23 23:18:04'),
(417, 'Ni Ketut muliasari', 931421241, '-', 'P', '8', '37', '2021', '-', NULL, NULL, '1', '2022-12-23 23:19:06', '2022-12-23 23:19:06'),
(418, 'Ni Kadek Sarmini', 331321014, '-', 'P', '5', '25', '2021', '-', NULL, NULL, '1', '2022-12-23 23:20:21', '2022-12-23 23:20:21'),
(419, 'Eka Devi Laksmiasih', 311421113, '-', 'P', '5', '27', '2021', '-', NULL, NULL, '1', '2022-12-23 23:21:15', '2022-12-23 23:21:15'),
(420, 'I Made Yoko Vista Yoga', 413421050, '-', 'L', '2', '14', '2021', '-', NULL, NULL, '1', '2022-12-23 23:22:33', '2022-12-23 23:22:33'),
(421, 'Ni Made pandii Widiastuti', 614421035, '-', 'P', '6', '28', '2021', '-', NULL, NULL, '1', '2022-12-23 23:24:44', '2022-12-23 23:24:44'),
(422, 'Ni Luh Diyani Swarningsih', 413421038, '-', 'P', '2', '14', '2021', '-', NULL, NULL, '1', '2022-12-23 23:25:38', '2022-12-23 23:25:38'),
(423, 'Ni Kadek Sri Muliani', 151421016, '-', 'P', '3', '17', '2021', '-', NULL, NULL, '1', '2022-12-23 23:26:40', '2022-12-23 23:26:40'),
(424, 'Ni Made Widi Lestari', 231421020, '-', 'P', '4', '24', '2021', '-', NULL, NULL, '1', '2022-12-23 23:27:28', '2022-12-23 23:27:28'),
(425, 'Ni Komang Ayu Windi Astuti', 811421075, '-', 'P', '7', '32', '2021', '-', NULL, NULL, '1', '2022-12-23 23:28:14', '2022-12-23 23:28:14'),
(426, 'Eiving Dayana Putri Gel-Gel', 821321018, '-', 'P', '7', '33', '2021', '-', NULL, NULL, '1', '2022-12-23 23:30:14', '2022-12-23 23:30:14'),
(427, 'LUH WIANDA PUSPONEGORO', 561420017, '-', 'P', '1', '4', '2020', '-', NULL, NULL, '1', '2022-12-24 11:41:20', '2022-12-24 11:41:20'),
(428, 'I NYOMAN EDI SETIAWAN', 562420016, '-', 'L', '1', '4', '2020', '-', NULL, NULL, '1', '2022-12-24 11:42:07', '2022-12-24 11:42:07'),
(429, 'I WAYAN RUPAWAN', 562420002, '-', 'L', '1', '4', '2020', '-', NULL, NULL, '1', '2022-12-24 11:46:21', '2022-12-24 11:46:21'),
(430, 'NI LUH SINDIYANI', 151420147, '-', 'P', '3', '17', '2020', '----', NULL, NULL, '1', '2022-12-24 12:01:27', '2022-12-24 12:01:27'),
(431, 'NI PUTU AYU LESTARI', 151420036, '-', 'P', '3', '17', '2020', '-', NULL, NULL, '1', '2022-12-24 12:05:08', '2022-12-24 12:05:08'),
(432, 'NI LUH RINI PUSPITA', 151420113, '-', 'P', '3', '17', '2020', '-', NULL, NULL, '1', '2022-12-24 12:23:31', '2022-12-24 12:23:31'),
(433, 'I NENGAH WIDIANTARA', 151420013, '-', 'L', '3', '17', '2020', '-', NULL, NULL, '1', '2022-12-24 12:24:40', '2022-12-24 12:24:40'),
(434, 'NI NYOMAN DEWI ASIH', 151420032, '-', 'P', '3', '17', '2020', '-', NULL, NULL, '1', '2022-12-24 12:31:34', '2022-12-24 12:31:34'),
(435, 'NI PUTU DARMAYANTI', 151420125, '-', 'P', '3', '17', '2020', '-', NULL, NULL, '1', '2022-12-24 12:32:26', '2022-12-24 12:32:26'),
(436, 'NI KETUT SRI ARIYANTI', 151420111, '-', 'P', '3', '17', '2020', '-', NULL, NULL, '1', '2022-12-24 12:33:12', '2022-12-24 12:33:12'),
(437, 'I PUTU WIRAWAN YASA', 151420112, '-', 'L', '3', '17', '2020', '-', NULL, NULL, '1', '2022-12-24 12:34:15', '2022-12-24 12:34:15'),
(438, 'KADEK SETIAWATI', 613420014, '-', 'P', '6', '29', '2020', '-', NULL, NULL, '1', '2022-12-24 12:35:14', '2022-12-24 12:35:14'),
(439, 'NI MADE KARTIWI', 613420007, '-', 'P', '6', '29', '2020', '-', NULL, NULL, '1', '2022-12-24 12:36:15', '2022-12-24 12:36:15'),
(440, 'NI KETUT ANDRIANI', 811420008, '-', 'P', '7', '32', '2020', '-', NULL, NULL, '1', '2022-12-24 12:37:15', '2022-12-24 12:37:15'),
(441, 'NI LUH AYU NOVITAYANTI', 811420014, '-', 'P', '7', '32', '2020', '-', NULL, NULL, '1', '2022-12-24 12:39:36', '2022-12-24 12:39:36'),
(442, 'NI NYOMAN DINA ANJANI', 921420038, '-', 'P', '8', '38', '2020', '-', NULL, NULL, '1', '2022-12-24 12:40:28', '2022-12-24 12:40:28'),
(443, 'NI KADEK RADHA SUKERTIYANI', 921420036, '-', 'P', '8', '38', '2020', '-', NULL, NULL, '1', '2022-12-24 12:42:37', '2022-12-24 12:42:37'),
(444, 'NI LUH KETUT SRI WIDIANI', 921420037, '-', 'P', '8', '38', '2020', '-', NULL, NULL, '1', '2022-12-24 12:43:30', '2022-12-24 12:43:30'),
(445, 'I DEWE GEDE ANGGAN CAHYADI  JIVANANDA', 921420153, '-', 'L', '8', '38', '2020', '-', NULL, NULL, '1', '2022-12-24 12:44:31', '2022-12-24 12:44:31'),
(446, 'NI PUTU SAJIANTI', 153420085, '-', 'P', '3', '16', '2020', '-', NULL, NULL, '1', '2022-12-24 12:45:20', '2022-12-24 12:45:20'),
(447, 'IRMAWATI', 153420001, '-', 'P', '3', '16', '2020', '-', NULL, NULL, '1', '2022-12-24 12:46:06', '2022-12-24 12:46:06'),
(448, 'I MADE DEDI SUPARSA', 531420033, '-', 'L', '1', '1', '2020', '-', NULL, NULL, '1', '2022-12-24 12:47:33', '2022-12-24 12:47:33'),
(449, 'NI LUH RIYA WIDAYANTI', 531420032, '-', 'P', '1', '1', '2020', '-', NULL, NULL, '1', '2022-12-24 12:50:35', '2022-12-24 12:50:35'),
(450, 'I PUTU JOVANO', 531420004, '-', 'L', '1', '1', '2020', '-', NULL, NULL, '1', '2022-12-24 12:52:24', '2022-12-24 12:52:24'),
(451, 'I GUSTI KOMANG APRIADI', 521420010, '-', 'L', '1', '5', '2020', '-', NULL, NULL, '1', '2022-12-24 12:54:22', '2022-12-24 12:54:22'),
(452, 'SANG AYU MADE MANDIKA DHARMA', 131142002, '-', 'P', '7', '32', '2020', '-', NULL, NULL, '1', '2022-12-24 12:55:13', '2022-12-24 12:55:13'),
(453, 'NI MADE LISTARNI', 231420018, '-', 'P', '4', '24', '2020', '-', NULL, NULL, '1', '2022-12-24 12:56:25', '2022-12-24 12:56:25'),
(454, 'DINDA DWI MELANY', 841420014, '-', 'P', '7', '36', '2020', '-', NULL, NULL, '1', '2022-12-24 12:57:19', '2022-12-24 12:57:19'),
(455, 'NI MADE DWI SANTIKA', 841420061, '-', 'P', '7', '36', '2020', '-', NULL, NULL, '1', '2022-12-24 12:58:02', '2022-12-24 12:58:02'),
(456, 'NI PUTU SINTYAWATI', 111420025, '-', 'P', '3', '15', '2020', '-', NULL, NULL, '1', '2022-12-24 13:00:08', '2022-12-24 13:00:08'),
(457, 'I NENGAH AGUS EKA SANJAYA', 233534346, '-', 'L', '8', '37', '2020', '-', NULL, NULL, '1', '2022-12-24 13:00:55', '2022-12-24 13:00:55'),
(458, 'PUTU SINDIANI', 931420154, '-', 'P', '8', '37', '2020', '-', NULL, NULL, '1', '2022-12-24 13:01:34', '2022-12-24 13:01:34'),
(459, 'NI WAYAN TIARAWATI', 353334332, '-', 'P', '2', '12', '2020', '-', NULL, NULL, '1', '2022-12-24 13:02:50', '2022-12-24 13:02:50'),
(460, 'RAI ENDI PRANATA', 651420011, '-', 'L', '6', '31', '2020', '-', NULL, NULL, '1', '2022-12-24 13:03:47', '2022-12-24 13:03:47'),
(461, 'I KADEK WIDIARTA', 511420025, '-', 'L', '1', '2', '2020', '-', NULL, NULL, '1', '2022-12-24 13:04:27', '2022-12-24 13:04:27'),
(462, 'I PUTU ADI WARDANA', 551420025, '-', 'L', '1', '3', '2020', '-', NULL, NULL, '1', '2022-12-24 13:05:14', '2022-12-24 13:05:14'),
(463, 'I MADE ARICK IRFAWAN', 471420005, '-', 'L', '2', '7', '2020', '-', NULL, NULL, '1', '2022-12-24 13:06:06', '2022-12-24 13:06:06'),
(464, 'ANAK AGUNG GEDE PASTIKA', 621420012, '-', 'L', '6', '30', '2020', '-', NULL, NULL, '1', '2022-12-24 13:06:53', '2022-12-24 13:06:53'),
(465, 'NI LUH ANANDA PUSVITA SARI', 471420023, '-', 'P', '2', '7', '2020', '-', NULL, NULL, '1', '2022-12-24 13:07:54', '2022-12-24 13:07:54'),
(466, 'I WAYAN ROI ANDREAWAN', 544420008, '-', 'L', '1', '6', '2020', '-', NULL, NULL, '1', '2022-12-24 13:08:35', '2022-12-24 13:08:35'),
(467, 'I KETUT SUARDANA', 544420026, '-', 'L', '1', '6', '2020', '-', NULL, NULL, '1', '2022-12-24 13:09:46', '2022-12-24 13:09:46'),
(468, 'I KOMANG HANDIKA YADNYA', 614420048, '-', 'L', '6', '28', '2020', '-', NULL, NULL, '1', '2022-12-24 13:10:40', '2022-12-24 13:10:40'),
(469, 'GUSTI NGURAH SATRIA', 411420048, '-', 'L', '2', '12', '2020', '-', NULL, NULL, '1', '2022-12-24 13:11:18', '2022-12-24 13:11:18'),
(470, 'NI WAYAN ERLIANTI', 101142021, '-', 'P', '9', '41', '2020', '-', NULL, NULL, '1', '2022-12-24 13:11:53', '2022-12-24 13:11:53');

-- --------------------------------------------------------

--
-- Struktur dari tabel `berita`
--

CREATE TABLE `berita` (
  `id` bigint(20) UNSIGNED NOT NULL,
  `judul` varchar(255) COLLATE utf8mb4_unicode_ci NOT NULL,
  `deskripsi` text COLLATE utf8mb4_unicode_ci NOT NULL,
  `gambar` varchar(255) COLLATE utf8mb4_unicode_ci NOT NULL,
  `penulis` varchar(255) COLLATE utf8mb4_unicode_ci NOT NULL,
  `id_bidang` varchar(5) COLLATE utf8mb4_unicode_ci DEFAULT NULL,
  `view` int(5) DEFAULT NULL,
  `komentar` int(10) DEFAULT NULL,
  `created_at` timestamp NULL DEFAULT NULL,
  `updated_at` timestamp NULL DEFAULT NULL
) ENGINE=InnoDB DEFAULT CHARSET=utf8mb4 COLLATE=utf8mb4_unicode_ci;

--
-- Dumping data untuk tabel `berita`
--

INSERT INTO `berita` (`id`, `judul`, `deskripsi`, `gambar`, `penulis`, `id_bidang`, `view`, `komentar`, `created_at`, `updated_at`) VALUES
(11, 'Latihan Dasar Kepemimpinan 2022', '<p>Latihan Dasar Kepemimpinan adalah suatu kegiatan yang mewadahi pelatihan kepemimpinan,rasa tanggung jawab,kekompakan dan masih banyak lagi bagi pesertanya. Unit kegiatan mahasiswa hindu dharma ning carasvaty juga tak luput untuk selalu mengadakan kegiatan LDK. Setiap kepengurusan&nbsp; UKM Hindu selalu Rutin mengadakan kegiatan LDK Guna meningkatakan dan menguatkan rasa kekompakan,tanggung jawab dalam berorganisasi.</p>', 'Latihan Dasar Kepemimpinan 2022.jpg', 'I Gede Wiranatha', '4', 8, NULL, '2022-12-22 20:03:23', '2022-12-26 08:53:33'),
(12, 'Pasraman Kilat 2022', '<p>Pasraman Kilat adalah suatu kegiatan yang dilaksanakan oleh UKMH-DNC untuk melatih minat dan bakat anggota baru dan merupakan syarat untuk bergabung di UKMH-DNC. Kegiatan ini wajib dilaksanakan setiap tahunnya sebagai tanda penerimaan anggota baru di UKMH-DNC. Kegiatan ini berisikan pentas seni dengan berbagai penampilan yang dipertontonkan oleh anggota baru UKMH-DNC UNG.</p>', 'Pasraman Kilat 2022.jpg', 'I Ketut Suardana', '6', 1, NULL, '2022-12-25 06:45:40', '2022-12-25 20:34:31'),
(13, 'Ngayah Disetiap Kegiatan Keagamaan Dipura', '<p>Sebagai salah satu umat beragama khususnya agama Hindu patutlah kita menanamkan nilai-nilai keagamaan. Salah satu cara yang dapat dilakukan oleh mahasiswa Hindu yang merantau di kota untuk mempertahankan budaya dan tradisi dari agama Hindu yaitu dengan ikut serta aktif ngayah setiap ada persembahyangan dipura di hari-hari raya ,contohnya : purnama, tilem, sarasvaty, sivalatri, galungan dan kuningan.</p>', 'Ngayah Disetiap Kegiatan Keagamaan Dipura.jpg', 'ni wayan tika ikrayani', '2', 1, NULL, '2022-12-25 17:23:44', '2022-12-25 20:27:26'),
(14, 'Pendataan Inventaris UKMH-DNC 2021-2022', '<p>Perawatan dan pendataan inventaris kesekretariatan yaitu suatu kegiatan yang dilakukan oleh Pengurus UKMH-DNC untuk mengetahui seluruh isi dari sekretariat yang dimana barang-barang tersebut harus di rawat agar masa penggunaannya bisa di pakai lebih lama, kegiatan ini sangat perlu di lakukan agar dapat di ketahui apakah ada barang yang rusak, layak pakai, masih bisa di pakai dan barang yang hilang.</p>', 'Pendataan Inventaris UKMH-DNC 2021-2022.jpg', 'I NENGAH AGUS EKA SANJAYA', '5', NULL, NULL, '2022-12-26 09:07:41', '2022-12-26 09:07:41'),
(15, 'Seminar Kewirausahaan 2022', '<p>Seminar Kewirausahaan adalah kegiatan yang memberikan pembekalan mengenai meteri kewirausahaan dimana nantinya dapat mendorong praktik-praktik kewirausahaan yang pada akhirnya memunculkan berbagai penemuan-penemuan produk dan jasa baru untuk konsumen. Hal ini tentunya dapat membuka peluang kerja baru, pasar baru, dan dalam jangka panjang akan mampu menciptakan pertumbuhan usaha di berbagai sektor.</p>', 'Seminar Kewirausahaan 2022.jpg', 'NI PUTU DARMAYANTI', '7', NULL, NULL, '2022-12-26 09:15:03', '2022-12-26 09:15:03'),
(16, 'Olahraga Mingguan', '<p>Kegiatan olahraga mingguan adalah kegiatan untuk meningkatkan kebugaran dan kesehatan jasmani dan juga sebagai upaya agar bisa berkumpul bersama-sama dengan seluruh anggota UKMH-DN&Ccedil; maka diadakannya kegiatan olahraga mingguan. Kegiatan ini juga berkolaborasi dengan bidang usaha dan dana.</p>', 'Olahraga Mingguan.jpg', 'I PUTU WIRAWAN YASA', '3', 3, NULL, '2022-12-26 09:23:58', '2022-12-27 04:37:58');

-- --------------------------------------------------------

--
-- Struktur dari tabel `bidang`
--

CREATE TABLE `bidang` (
  `id` bigint(20) UNSIGNED NOT NULL,
  `kode` varchar(5) COLLATE utf8mb4_unicode_ci NOT NULL,
  `bidang` varchar(255) COLLATE utf8mb4_unicode_ci NOT NULL,
  `created_at` timestamp NULL DEFAULT NULL,
  `updated_at` timestamp NULL DEFAULT NULL
) ENGINE=InnoDB DEFAULT CHARSET=utf8mb4 COLLATE=utf8mb4_unicode_ci;

--
-- Dumping data untuk tabel `bidang`
--

INSERT INTO `bidang` (`id`, `kode`, `bidang`, `created_at`, `updated_at`) VALUES
(1, 'B1', 'Pengurus Inti', NULL, NULL),
(2, 'B2', 'Keagamaan', NULL, NULL),
(3, 'B2', 'Olahraga', NULL, NULL),
(4, 'B2', 'Penelitian Dan Pengembangan', NULL, NULL),
(5, 'B2', 'Kesekretariatan', NULL, NULL),
(6, 'B2', 'Seni dan Budaya', NULL, NULL),
(7, 'B2', 'Usaha dan Dana', NULL, NULL);

-- --------------------------------------------------------

--
-- Struktur dari tabel `failed_jobs`
--

CREATE TABLE `failed_jobs` (
  `id` bigint(20) UNSIGNED NOT NULL,
  `uuid` varchar(255) COLLATE utf8mb4_unicode_ci NOT NULL,
  `connection` text COLLATE utf8mb4_unicode_ci NOT NULL,
  `queue` text COLLATE utf8mb4_unicode_ci NOT NULL,
  `payload` longtext COLLATE utf8mb4_unicode_ci NOT NULL,
  `exception` longtext COLLATE utf8mb4_unicode_ci NOT NULL,
  `failed_at` timestamp NOT NULL DEFAULT current_timestamp()
) ENGINE=InnoDB DEFAULT CHARSET=utf8mb4 COLLATE=utf8mb4_unicode_ci;

-- --------------------------------------------------------

--
-- Struktur dari tabel `fakultas`
--

CREATE TABLE `fakultas` (
  `id` bigint(20) UNSIGNED NOT NULL,
  `fakultas` varchar(255) COLLATE utf8mb4_unicode_ci NOT NULL,
  `singkatan` varchar(50) COLLATE utf8mb4_unicode_ci NOT NULL,
  `created_at` timestamp NULL DEFAULT NULL,
  `updated_at` timestamp NULL DEFAULT NULL
) ENGINE=InnoDB DEFAULT CHARSET=utf8mb4 COLLATE=utf8mb4_unicode_ci;

--
-- Dumping data untuk tabel `fakultas`
--

INSERT INTO `fakultas` (`id`, `fakultas`, `singkatan`, `created_at`, `updated_at`) VALUES
(1, 'Teknik', 'FATEK', NULL, NULL),
(2, ' Matematika dan Ilmu Pengetahuan Alam', 'MIPA', NULL, NULL),
(3, 'Ilmu Pendidikan', 'FIP', NULL, NULL),
(4, ' Ilmu Sosial', 'FIS', NULL, NULL),
(5, 'Sastra dan Budaya', 'FSB', NULL, NULL),
(6, 'Pertanian', 'FAPERTA', NULL, NULL),
(7, 'Olahraga dan Kesehatan', 'FOK', NULL, NULL),
(8, 'Ekonomi dan Bisnis', 'FEKON', NULL, NULL),
(9, 'Hukum', 'FH', NULL, NULL),
(10, ' Perikanan dan Ilmu Kelautan', 'PERIKANAN', NULL, NULL);

-- --------------------------------------------------------

--
-- Struktur dari tabel `format_surat`
--

CREATE TABLE `format_surat` (
  `id` bigint(20) UNSIGNED NOT NULL,
  `nama_surat` varchar(255) COLLATE utf8mb4_unicode_ci NOT NULL,
  `file_surat` varchar(255) COLLATE utf8mb4_unicode_ci NOT NULL,
  `created_at` timestamp NULL DEFAULT NULL,
  `updated_at` timestamp NULL DEFAULT NULL
) ENGINE=InnoDB DEFAULT CHARSET=utf8mb4 COLLATE=utf8mb4_unicode_ci;

-- --------------------------------------------------------

--
-- Struktur dari tabel `galeri`
--

CREATE TABLE `galeri` (
  `id` bigint(20) UNSIGNED NOT NULL,
  `nama` varchar(100) COLLATE utf8mb4_unicode_ci NOT NULL,
  `foto` varchar(255) COLLATE utf8mb4_unicode_ci NOT NULL,
  `created_at` timestamp NULL DEFAULT NULL,
  `updated_at` timestamp NULL DEFAULT NULL
) ENGINE=InnoDB DEFAULT CHARSET=utf8mb4 COLLATE=utf8mb4_unicode_ci;

--
-- Dumping data untuk tabel `galeri`
--

INSERT INTO `galeri` (`id`, `nama`, `foto`, `created_at`, `updated_at`) VALUES
(17, 'Mubes 2021-2022', 'Mubes 2021-2022-mubes.jpg', '2022-12-16 13:50:18', '2022-12-16 13:50:18'),
(18, 'Mubes 2020-2021', 'Mubes 2020-2021-mubes 2020-2021.jpg', '2022-12-16 13:55:48', '2022-12-16 13:55:48'),
(19, 'olahraga mingguan 2020', 'olahraga mingguan 2020-photo_2022-12-16_17-00-39.jpg', '2022-12-16 14:00:59', '2022-12-16 14:00:59'),
(20, 'Basar 2021', 'Basar 2021-photo_2022-12-16_17-10-29.jpg', '2022-12-16 14:11:13', '2022-12-16 14:11:13'),
(21, 'olah raga mingguan', 'olah raga mingguan-olahraga mingguan.jpg', '2022-12-16 14:12:32', '2022-12-16 14:12:32'),
(22, 'makan bersama', 'makan bersama-makan bersama.jpg', '2022-12-16 14:13:23', '2022-12-16 14:13:23'),
(23, 'pengurus 2021-2022', 'pengurus 2021-2022-pengurus 2021-2022.jpg', '2022-12-16 14:14:06', '2022-12-16 14:14:06'),
(24, 'basar 16 desember 2022', 'basar 16 desember 2022-photo_2022-12-16_17-15-48.jpg', '2022-12-16 14:16:27', '2022-12-16 14:16:27'),
(25, 'LDK 2021-2022', 'LDK 2021-2022-IMG_2116 (1)_11zon.jpg', '2022-12-22 15:45:52', '2022-12-22 15:45:52');

-- --------------------------------------------------------

--
-- Struktur dari tabel `inventaris`
--

CREATE TABLE `inventaris` (
  `id` bigint(20) UNSIGNED NOT NULL,
  `nama` varchar(255) COLLATE utf8mb4_unicode_ci NOT NULL,
  `jumlah` int(11) NOT NULL,
  `kondisi` varchar(255) COLLATE utf8mb4_unicode_ci NOT NULL,
  `created_at` timestamp NULL DEFAULT NULL,
  `updated_at` timestamp NULL DEFAULT NULL
) ENGINE=InnoDB DEFAULT CHARSET=utf8mb4 COLLATE=utf8mb4_unicode_ci;

--
-- Dumping data untuk tabel `inventaris`
--

INSERT INTO `inventaris` (`id`, `nama`, `jumlah`, `kondisi`, `created_at`, `updated_at`) VALUES
(4, 'Lemari', 1, 'Baik', '2022-12-25 06:50:25', '2022-12-25 06:50:25'),
(5, 'Meja', 1, 'Rusak', '2022-12-25 06:53:48', '2022-12-25 06:53:48'),
(6, 'Kursi', 1, 'Baik', '2022-12-25 06:54:08', '2022-12-25 06:54:08'),
(7, 'Komputer', 1, 'Baik', '2022-12-25 06:54:23', '2022-12-25 06:54:23'),
(8, 'Keyboard', 1, 'Cukup', '2022-12-25 06:54:41', '2022-12-25 06:54:41'),
(9, 'Mouse', 1, 'Cukup', '2022-12-25 06:55:02', '2022-12-25 06:55:02'),
(10, 'Printer', 2, 'Cukup', '2022-12-25 06:55:34', '2022-12-25 06:55:34'),
(11, 'Tiang bendera', 4, 'Baik', '2022-12-25 06:55:55', '2022-12-25 06:55:55'),
(12, 'Tempat bendera', 1, 'Baik', '2022-12-25 06:56:22', '2022-12-25 06:56:22'),
(13, 'Kipas gantung', 1, 'Cukup', '2022-12-25 06:56:55', '2022-12-25 06:56:55'),
(14, 'Dispenser', 1, 'Cukup', '2022-12-25 07:03:20', '2022-12-25 07:03:20'),
(15, 'Galon', 1, 'Baik', '2022-12-25 07:03:36', '2022-12-25 07:03:36'),
(16, 'Cermin', 1, 'Baik', '2022-12-25 07:03:55', '2022-12-25 07:03:55'),
(17, 'Tikar', 1, 'Cukup', '2022-12-25 07:04:15', '2022-12-25 07:04:15'),
(18, 'Gapura', 2, 'Cukup', '2022-12-25 07:04:45', '2022-12-25 07:04:45'),
(19, 'Foto dewa', 3, 'Cukup', '2022-12-25 07:05:04', '2022-12-25 07:05:04'),
(20, 'Megaphone', 1, 'Cukup', '2022-12-25 07:05:18', '2022-12-25 07:05:18'),
(21, 'Sapu', 1, 'Baik', '2022-12-25 07:05:36', '2022-12-25 07:05:36'),
(22, 'Sapu', 1, 'Baik', '2022-12-25 07:05:37', '2022-12-25 07:05:37'),
(23, 'Cok roll', 4, 'Baik', '2022-12-25 07:05:56', '2022-12-25 07:05:56'),
(24, 'Pittingan  lampu', 3, 'Baik', '2022-12-25 07:06:17', '2022-12-25 07:06:17'),
(25, 'Kabel', 4, 'Baik', '2022-12-25 07:07:13', '2022-12-25 07:07:13'),
(26, 'Papan nama', 1, 'Cukup', '2022-12-25 07:07:37', '2022-12-25 07:07:37'),
(27, 'Pelangkiran', 1, 'Cukup', '2022-12-25 07:08:00', '2022-12-25 07:08:00'),
(28, 'Bendera UKM', 2, 'Baik', '2022-12-25 07:08:18', '2022-12-25 07:08:18'),
(29, 'Bendera UNG', 1, 'Baik', '2022-12-25 07:08:47', '2022-12-25 07:08:47'),
(30, 'Bendera Merah Putih', 2, 'Cukup', '2022-12-25 07:09:22', '2022-12-25 07:09:22'),
(31, 'Piala', 6, 'Baik', '2022-12-25 07:10:03', '2022-12-25 07:10:03'),
(32, 'Gunting', 2, 'Baik', '2022-12-25 07:10:21', '2022-12-25 07:10:21'),
(33, 'Cap panitia', 1, 'Cukup', '2022-12-25 07:10:41', '2022-12-25 07:10:41'),
(34, 'Cap lunas', 1, 'Baik', '2022-12-25 07:11:00', '2022-12-25 07:11:00'),
(35, 'Cap UKMH-DNC', 1, 'Baik', '2022-12-25 17:27:48', '2022-12-25 17:27:48'),
(36, 'Cutter', 1, 'Cukup', '2022-12-25 17:29:43', '2022-12-25 17:29:43'),
(37, 'Hekter', 1, 'Cukup', '2022-12-25 17:30:08', '2022-12-25 17:30:08'),
(38, 'Pelubang kertas', 1, 'Cukup', '2022-12-25 17:30:38', '2022-12-25 17:30:38'),
(39, 'Spidol', 3, 'Baik', '2022-12-25 17:31:13', '2022-12-25 17:31:13'),
(40, 'Baju tari kecak', 11, 'Baik', '2022-12-25 17:31:53', '2022-12-25 17:31:53'),
(41, 'Kain poleng', 1, 'Baik', '2022-12-25 17:32:11', '2022-12-25 17:32:11'),
(42, 'Taplak meja', 1, 'Baik', '2022-12-25 17:32:37', '2022-12-25 17:32:37'),
(43, 'Slayer merah', 2, 'Baik', '2022-12-25 17:33:02', '2022-12-25 17:33:02'),
(44, 'perade penari', 3, 'Baik', '2022-12-25 17:33:20', '2022-12-25 17:33:20'),
(45, 'Kamen', 1, 'Baik', '2022-12-25 17:33:49', '2022-12-25 17:33:49'),
(46, 'Tali rapiah', 1, 'Cukup', '2022-12-25 17:34:28', '2022-12-25 17:34:28'),
(47, 'Baju UKM 17', 3, 'Baik', '2022-12-25 17:34:50', '2022-12-25 17:34:50'),
(48, 'Taplak hitam', 1, 'Baik', '2022-12-25 17:35:39', '2022-12-25 17:35:39'),
(49, 'lampu', 3, 'Cukup', '2022-12-25 17:36:02', '2022-12-25 17:36:02'),
(50, 'lampu besar', 1, 'Baik', '2022-12-25 17:36:24', '2022-12-25 17:36:24'),
(51, 'Slayer UKM', 21, 'Baik', '2022-12-25 17:36:53', '2022-12-25 17:36:53'),
(52, 'Tempat ID Card', 37, 'Baik', '2022-12-25 17:37:16', '2022-12-25 17:37:16'),
(53, 'Kemoceng', 1, 'Cukup', '2022-12-25 17:37:31', '2022-12-25 17:37:31'),
(54, 'Fhoto boot UKMHDNC', 1, 'Cukup', '2022-12-25 17:38:29', '2022-12-25 17:38:29'),
(55, 'Salon/speker', 2, 'Cukup', '2022-12-25 17:39:30', '2022-12-25 17:39:30'),
(56, 'Penyaringan besar', 1, 'Cukup', '2022-12-25 17:40:04', '2022-12-25 17:40:04'),
(57, 'Peniris gorengan', 1, 'Baik', '2022-12-25 17:40:20', '2022-12-25 17:40:20'),
(58, 'Lilin', 1, 'Baik', '2022-12-25 17:41:41', '2022-12-25 17:41:41'),
(59, 'Ingka', 35, 'Baik', '2022-12-25 17:42:02', '2022-12-25 17:42:02'),
(60, 'Nampan', 2, 'Baik', '2022-12-25 17:42:45', '2022-12-25 17:42:45'),
(61, 'Pisau', 4, 'Cukup', '2022-12-25 17:43:04', '2022-12-25 17:43:04'),
(62, 'Kuas', 4, 'Cukup', '2022-12-25 17:43:21', '2022-12-25 17:43:21'),
(63, 'Amplas', 1, 'Cukup', '2022-12-25 17:44:05', '2022-12-25 17:44:05'),
(64, 'Gelas Plastik', 6, 'Cukup', '2022-12-25 17:44:29', '2022-12-25 17:44:29'),
(65, 'Gergaji', 1, 'Cukup', '2022-12-25 17:44:49', '2022-12-25 17:44:49'),
(66, 'Baju olahraga', 10, 'Baik', '2022-12-25 17:46:00', '2022-12-25 17:46:00'),
(67, 'Bola Kaki', 2, 'Cukup', '2022-12-25 17:46:23', '2022-12-25 17:46:23'),
(68, 'Raket', 6, 'Cukup', '2022-12-25 17:46:51', '2022-12-25 17:46:51'),
(69, 'Net', 2, 'Cukup', '2022-12-25 17:47:28', '2022-12-25 17:47:28'),
(70, 'Cock', 3, 'Cukup', '2022-12-25 17:48:43', '2022-12-25 17:48:43'),
(71, 'Sarasamuscaya', 2, 'Baik', '2022-12-25 17:49:06', '2022-12-25 17:49:06'),
(72, 'Bhagavad gita', 3, 'Baik', '2022-12-25 17:49:21', '2022-12-25 17:49:21'),
(73, 'Buku gita mahatmya', 3, 'Baik', '2022-12-25 17:49:54', '2022-12-25 17:49:54'),
(74, 'Buku pedoman sarathi banten', 2, 'Baik', '2022-12-25 17:50:13', '2022-12-25 17:50:32'),
(75, 'Buku bhagavad gita sloka', 1, 'Baik', '2022-12-25 17:50:46', '2022-12-25 17:50:46'),
(76, 'Buku aji sangkya', 1, 'Baik', '2022-12-25 17:50:57', '2022-12-25 17:50:57'),
(77, 'Buku siwa budha', 1, 'Baik', '2022-12-25 17:51:12', '2022-12-25 17:51:12'),
(78, 'Ayurveda', 1, 'Baik', '2022-12-25 17:51:23', '2022-12-25 17:51:23'),
(79, 'Gayatri sadhana', 2, 'Baik', '2022-12-25 17:51:37', '2022-12-25 17:51:37'),
(80, 'Kamus bali Indonesia', 1, 'Baik', '2022-12-25 17:51:49', '2022-12-25 17:51:49'),
(81, 'Tuhan upanisad', 1, 'Baik', '2022-12-25 17:52:42', '2022-12-25 17:52:42'),
(82, 'Panduan utsawa darma gita', 1, 'Baik', '2022-12-25 17:53:21', '2022-12-25 17:53:21'),
(83, 'Pelajaran agama hindu', 1, 'Baik', '2022-12-25 17:53:34', '2022-12-25 17:53:34'),
(84, 'Pedoman akademik', 1, 'Baik', '2022-12-25 17:53:46', '2022-12-25 17:53:46'),
(85, 'Panduan penelitian', 1, 'Baik', '2022-12-25 17:53:57', '2022-12-25 17:53:57'),
(86, 'Samavedha samhita', 2, 'Baik', '2022-12-25 17:54:39', '2022-12-25 17:54:39'),
(87, 'Yajur wedha', 2, 'Baik', '2022-12-25 17:54:54', '2022-12-25 17:54:54'),
(88, 'Reg wedha', 1, 'Baik', '2022-12-25 17:55:07', '2022-12-25 17:55:07');

-- --------------------------------------------------------

--
-- Struktur dari tabel `jabatan`
--

CREATE TABLE `jabatan` (
  `id` bigint(20) UNSIGNED NOT NULL,
  `kode` varchar(10) COLLATE utf8mb4_unicode_ci NOT NULL,
  `jabatan` varchar(255) COLLATE utf8mb4_unicode_ci NOT NULL,
  `id_bidang` varchar(11) COLLATE utf8mb4_unicode_ci NOT NULL,
  `created_at` timestamp NULL DEFAULT NULL,
  `updated_at` timestamp NULL DEFAULT NULL
) ENGINE=InnoDB DEFAULT CHARSET=utf8mb4 COLLATE=utf8mb4_unicode_ci;

--
-- Dumping data untuk tabel `jabatan`
--

INSERT INTO `jabatan` (`id`, `kode`, `jabatan`, `id_bidang`, `created_at`, `updated_at`) VALUES
(1, 'J1', 'Ketua Umum', '1', NULL, NULL),
(2, 'J2', 'Wakil Ketua', '1', NULL, NULL),
(3, 'J3', 'Sekertaris Umum', '1', NULL, NULL),
(4, 'J4', 'Bendahara Umum', '1', NULL, NULL),
(5, 'J5', 'Ketua Bidang', '2', NULL, NULL),
(6, 'J6', 'Sekertaris Bidang', '2', NULL, NULL),
(7, 'J7', 'Anggota Bidang', '2', NULL, NULL),
(8, 'J5', 'Ketua Bidang', '3', NULL, NULL),
(9, 'J6', 'Sekertaris Bidang', '3', NULL, NULL),
(10, 'J7', 'Anggota Bidang', '3', NULL, NULL),
(11, 'J5', 'Ketua Bidang', '4', NULL, NULL),
(12, 'J6', 'Sekertaris Bidang', '4', NULL, NULL),
(13, 'J7', 'Anggota Bidang', '4', NULL, NULL),
(14, 'J5', 'Ketua Bidang', '5', NULL, NULL),
(15, 'J6', 'Sekertaris Bidang', '5', NULL, NULL),
(16, 'J7', 'Anggota Bidang', '5', NULL, NULL),
(17, 'J5', 'Ketua Bidang', '6', NULL, NULL),
(18, 'J6', 'Sekertaris Bidang', '6', NULL, NULL),
(19, 'J7', 'Anggota Bidang', '6', NULL, NULL),
(20, 'J5', 'Ketua Bidang', '7', NULL, NULL),
(21, 'J6', 'Sekertaris Bidang', '7', NULL, NULL),
(22, 'J7', 'Anggota Bidang', '7', NULL, NULL);

-- --------------------------------------------------------

--
-- Struktur dari tabel `jurusan`
--

CREATE TABLE `jurusan` (
  `id` bigint(20) UNSIGNED NOT NULL,
  `jurusan` varchar(255) COLLATE utf8mb4_unicode_ci NOT NULL,
  `id_fakultas` bigint(20) UNSIGNED NOT NULL,
  `created_at` timestamp NULL DEFAULT NULL,
  `updated_at` timestamp NULL DEFAULT NULL
) ENGINE=InnoDB DEFAULT CHARSET=utf8mb4 COLLATE=utf8mb4_unicode_ci;

--
-- Dumping data untuk tabel `jurusan`
--

INSERT INTO `jurusan` (`id`, `jurusan`, `id_fakultas`, `created_at`, `updated_at`) VALUES
(1, 'Informatika', 1, NULL, NULL),
(2, 'Sipil', 1, NULL, NULL),
(3, 'Arsitektur', 1, NULL, NULL),
(4, 'Industri', 1, NULL, NULL),
(5, 'Elektro', 1, NULL, NULL),
(6, 'Kriya', 1, NULL, NULL),
(7, 'Teknik Geologi ', 2, NULL, NULL),
(11, 'Biologi', 2, NULL, NULL),
(12, 'Matematika', 2, NULL, NULL),
(13, 'Fisika', 2, NULL, NULL),
(14, 'Kimia', 2, NULL, NULL),
(15, 'Bimbingan Konseling', 3, NULL, NULL),
(16, 'PGPAUD', 3, NULL, NULL),
(17, 'PGSD', 3, NULL, NULL),
(18, 'Manajemen Pendidikan', 3, NULL, NULL),
(19, 'Pendidikan Luar Sekolah', 3, NULL, NULL),
(20, 'Administrasi Publik', 4, NULL, NULL),
(21, 'PPKN', 4, NULL, NULL),
(22, 'IHK', 4, NULL, NULL),
(23, 'Sosiologi', 4, NULL, NULL),
(24, ' Pendidikan Sejarah', 4, NULL, NULL),
(25, 'Sendratasik', 5, NULL, NULL),
(26, 'Bahasa Inggris', 5, NULL, NULL),
(27, 'Bahasa Indonesia', 5, NULL, NULL),
(28, 'Agribisnis', 6, NULL, NULL),
(29, 'Agroteknologi', 6, NULL, NULL),
(30, 'Peternakan', 6, NULL, NULL),
(31, 'Ilmu dan Teknologi Pangan', 6, NULL, NULL),
(32, 'Kesehatan Masyarakat', 7, NULL, NULL),
(33, ' Farmasi', 7, NULL, NULL),
(34, 'Penjaskes', 7, NULL, NULL),
(35, 'Pendidikan Kepelatihan dan Olahraga', 7, NULL, NULL),
(36, 'Ilmu Keperawatan', 7, NULL, NULL),
(37, 'Manajemen', 8, NULL, NULL),
(38, 'Akuntansi', 8, NULL, NULL),
(39, 'Ekonomi Pembangunan', 8, NULL, NULL),
(40, 'Pendidikan Ekonomi', 8, NULL, NULL),
(41, 'Ilmu Hukum', 9, NULL, NULL),
(42, 'Manajemen Sumber Daya Perairan', 10, NULL, NULL),
(43, 'Budidaya Perairan', 10, NULL, NULL),
(44, 'Teknologi Hasil Perikanan', 10, NULL, NULL);

-- --------------------------------------------------------

--
-- Struktur dari tabel `komentar`
--

CREATE TABLE `komentar` (
  `id` bigint(20) UNSIGNED NOT NULL,
  `id_berita` int(11) NOT NULL,
  `nama` varchar(255) COLLATE utf8mb4_unicode_ci NOT NULL,
  `komentar` text COLLATE utf8mb4_unicode_ci NOT NULL,
  `created_at` timestamp NULL DEFAULT NULL,
  `updated_at` timestamp NULL DEFAULT NULL
) ENGINE=InnoDB DEFAULT CHARSET=utf8mb4 COLLATE=utf8mb4_unicode_ci;

-- --------------------------------------------------------

--
-- Struktur dari tabel `komentar2`
--

CREATE TABLE `komentar2` (
  `id` bigint(20) UNSIGNED NOT NULL,
  `id_berita` int(11) NOT NULL,
  `id_komentar` int(11) NOT NULL,
  `nama` varchar(255) COLLATE utf8mb4_unicode_ci NOT NULL,
  `komentar` text COLLATE utf8mb4_unicode_ci NOT NULL,
  `created_at` timestamp NULL DEFAULT NULL,
  `updated_at` timestamp NULL DEFAULT NULL
) ENGINE=InnoDB DEFAULT CHARSET=utf8mb4 COLLATE=utf8mb4_unicode_ci;

-- --------------------------------------------------------

--
-- Struktur dari tabel `migrations`
--

CREATE TABLE `migrations` (
  `id` int(10) UNSIGNED NOT NULL,
  `migration` varchar(255) COLLATE utf8mb4_unicode_ci NOT NULL,
  `batch` int(11) NOT NULL
) ENGINE=InnoDB DEFAULT CHARSET=utf8mb4 COLLATE=utf8mb4_unicode_ci;

--
-- Dumping data untuk tabel `migrations`
--

INSERT INTO `migrations` (`id`, `migration`, `batch`) VALUES
(7, '2014_10_12_000000_create_users_table', 1),
(8, '2014_10_12_100000_create_password_resets_table', 1),
(9, '2014_10_12_200000_add_two_factor_columns_to_users_table', 1),
(10, '2019_08_19_000000_create_failed_jobs_table', 1),
(11, '2019_12_14_000001_create_personal_access_tokens_table', 1),
(12, '2022_02_06_182916_create_sessions_table', 1),
(17, '2022_02_16_151652_anggota', 2),
(18, '2022_02_17_152819_create_inventaris_table', 2),
(20, '2022_02_18_163522_create_penguruses_table', 2),
(21, '2022_02_18_184019_struktur', 3),
(22, '2022_02_23_063746_create_bidangs_table', 4),
(23, '2022_02_23_064326_create_jabatans_table', 5),
(24, '2022_03_14_063251_create_beritas_table', 5),
(25, '2022_03_26_050236_create_fakultas_table', 6),
(26, '2022_03_26_050958_create_jurusans_table', 7),
(27, '2022_03_29_045042_create_sliders_table', 7),
(28, '2022_04_05_034457_create_galeris_table', 8),
(29, '2022_04_08_131233_create_komentars_table', 9),
(30, '2022_04_08_132456_create_komentar2s_table', 9),
(31, '2022_04_26_230904_create_surat_masuks_table', 10),
(32, '2022_04_26_231448_create_surat_keluars_table', 10),
(33, '2022_10_15_114759_format_surat_migration', 11);

-- --------------------------------------------------------

--
-- Struktur dari tabel `password_resets`
--

CREATE TABLE `password_resets` (
  `email` varchar(255) COLLATE utf8mb4_unicode_ci NOT NULL,
  `token` varchar(255) COLLATE utf8mb4_unicode_ci NOT NULL,
  `created_at` timestamp NULL DEFAULT NULL
) ENGINE=InnoDB DEFAULT CHARSET=utf8mb4 COLLATE=utf8mb4_unicode_ci;

-- --------------------------------------------------------

--
-- Struktur dari tabel `pengurus`
--

CREATE TABLE `pengurus` (
  `id` bigint(20) UNSIGNED NOT NULL,
  `nim` varchar(255) COLLATE utf8mb4_unicode_ci NOT NULL,
  `id_bidang` varchar(10) COLLATE utf8mb4_unicode_ci NOT NULL,
  `id_jabatan` varchar(10) COLLATE utf8mb4_unicode_ci NOT NULL,
  `periode` varchar(50) COLLATE utf8mb4_unicode_ci NOT NULL,
  `foto` varchar(2048) COLLATE utf8mb4_unicode_ci DEFAULT NULL,
  `created_at` timestamp NULL DEFAULT NULL,
  `updated_at` timestamp NULL DEFAULT NULL
) ENGINE=InnoDB DEFAULT CHARSET=utf8mb4 COLLATE=utf8mb4_unicode_ci;

--
-- Dumping data untuk tabel `pengurus`
--

INSERT INTO `pengurus` (`id`, `nim`, `id_bidang`, `id_jabatan`, `periode`, `foto`, `created_at`, `updated_at`) VALUES
(21, '123456780', '1', '2', '2021-2022', 'Ni Made Listarni123456780.jpg', '2022-12-10 22:03:28', '2022-12-12 09:47:38'),
(34, '551420023', '4', '11', '2021-2022', 'I gede wiranatha5514200232021-2022.jpg', '2022-12-22 19:10:05', '2022-12-22 19:10:05'),
(35, '531419004', '1', '1', '2021-2022', 'I Made Yasa-2021-2022-.jpg', '2022-12-22 19:23:35', '2022-12-22 22:17:29'),
(38, '123456789', '1', '3', '2021-2022', 'Komang Ariani-1234567891-2021-2022.jpg', '2022-12-22 19:49:54', '2022-12-22 19:51:49'),
(40, '151420125', '7', '20', '2021-2022', 'NI PUTU DARMAYANTI-151420125-2021-2022-08-42-15.jpg', '2022-12-24 13:42:15', '2022-12-24 13:42:15'),
(41, '544420026', '6', '17', '2021-2022', 'I KETUT SUARDANA-544420026-2021-2022-09-56-16.jpg', '2022-12-24 13:46:10', '2022-12-24 14:56:16'),
(42, '233534346', '5', '14', '2021-2022', 'I NENGAH AGUS EKA SANJAYA-233534346-2021-2022-09-14-42.jpg', '2022-12-24 14:14:42', '2022-12-24 14:14:42'),
(43, '353334332', '1', '4', '2021-2022', 'NI WAYAN TIARAWATI-353334332-2021-2022-09-19-47.jpg', '2022-12-24 14:19:47', '2022-12-24 14:19:47'),
(44, '921419005', '2', '5', '2021-2022', 'Ni Wayan Tika Ikrayani-921419005-2021-2022-09-23-47.jpg', '2022-12-24 14:23:47', '2022-12-24 14:23:47'),
(45, '551420025', '4', '13', '2021-2022', 'I PUTU ADI WARDANA-551420025-2021-2022-01-13-03.jpg', '2022-12-25 18:13:03', '2022-12-25 18:13:03'),
(46, '151420036', '2', '7', '2021-2022', 'NI PUTU AYU LESTARI-151420036-2021-2022-01-15-30.jpg', '2022-12-25 18:15:30', '2022-12-25 18:15:30'),
(47, '921419063', '2', '7', '2021-2022', 'Ni Ketut Lona Andriani-921419063-2021-2022-01-16-30.jpg', '2022-12-25 18:16:30', '2022-12-25 18:16:30'),
(48, '111420025', '2', '7', '2021-2022', 'NI PUTU SINTYAWATI-111420025-2021-2022-01-17-38.jpg', '2022-12-25 18:17:38', '2022-12-25 18:17:38'),
(49, '811420014', '2', '7', '2021-2022', 'NI LUH AYU NOVITAYANTI-811420014-2021-2022-01-18-15.jpg', '2022-12-25 18:18:15', '2022-12-25 18:18:15'),
(50, '551419064', '4', '13', '2021-2022', 'I Made Karya Jurdiawan-551419064-2021-2022-01-19-26.jpg', '2022-12-25 18:19:26', '2022-12-25 18:19:26'),
(51, '561419024', '6', '19', '2021-2022', 'I Kadek Suwartama-561419024-2021-2022-01-23-01.jpg', '2022-12-25 18:23:01', '2022-12-25 18:23:01'),
(52, '471420005', '6', '19', '2021-2022', 'I MADE ARICK IRFAWAN-471420005-2021-2022-01-24-24.jpg', '2022-12-25 18:24:24', '2022-12-25 18:24:24'),
(53, '544420008', '6', '19', '2021-2022', 'I WAYAN ROI ANDREAWAN-544420008-2021-2022-01-25-07.jpg', '2022-12-25 18:25:07', '2022-12-25 18:25:07'),
(54, '921419068', '4', '12', '2021-2022', 'Ni Gusti Ayu Sri S.-921419068-2021-2022-03-10-11.jpg', '2022-12-26 08:10:11', '2022-12-26 08:10:11'),
(55, '153419034', '2', '6', '2021-2022', 'Ni Nengah Serly Andani-153419034-2021-2022-03-13-54.jpg', '2022-12-26 08:13:54', '2022-12-26 08:13:54'),
(56, '531420032', '4', '13', '2021-2022', 'NI LUH RIYA WIDAYANTI-531420032-2021-2022-03-15-32.jpg', '2022-12-26 08:15:32', '2022-12-26 08:15:32'),
(57, '471420023', '4', '13', '2021-2022', 'NI LUH ANANDA PUSVITA SARI-471420023-2021-2022-03-17-04.jpg', '2022-12-26 08:17:04', '2022-12-26 08:17:04'),
(58, '562420016', '6', '19', '2021-2022', 'I NYOMAN EDI SETIAWAN-562420016-2021-2022-03-19-02.jpg', '2022-12-26 08:19:02', '2022-12-26 08:19:02'),
(59, '151420013', '6', '19', '2021-2022', 'I NENGAH WIDIANTARA-151420013-2021-2022-03-19-44.jpg', '2022-12-26 08:19:44', '2022-12-26 08:19:44'),
(60, '561419047', '5', '16', '2021-2022', 'Wayan Andika Riyantara-561419047-2021-2022-03-21-11.jpg', '2022-12-26 08:21:11', '2022-12-26 08:21:11'),
(61, '613420014', '5', '16', '2021-2022', 'KADEK SETIAWATI-613420014-2021-2022-03-23-25.jpg', '2022-12-26 08:23:25', '2022-12-26 08:23:25'),
(62, '921420036', '5', '16', '2021-2022', 'NI KADEK RADHA SUKERTIYANI-921420036-2021-2022-03-24-04.jpg', '2022-12-26 08:24:04', '2022-12-26 08:24:04'),
(63, '921420037', '5', '16', '2021-2022', 'NI LUH KETUT SRI WIDIANI-921420037-2021-2022-03-24-33.jpg', '2022-12-26 08:24:33', '2022-12-26 08:24:33'),
(64, '511420025', '5', '16', '2021-2022', 'I KADEK WIDIARTA-511420025-2021-2022-03-25-37.jpg', '2022-12-26 08:25:37', '2022-12-26 08:25:37'),
(65, '411420048', '7', '22', '2021-2022', 'GUSTI NGURAH SATRIA-411420048-2021-2022-03-28-22.jpg', '2022-12-26 08:28:22', '2022-12-26 08:28:22'),
(66, '921420038', '7', '22', '2021-2022', 'NI NYOMAN DINA ANJANI-921420038-2021-2022-03-30-42.jpg', '2022-12-26 08:30:42', '2022-12-26 08:30:42'),
(67, '151420113', '7', '22', '2021-2022', 'NI LUH RINI PUSPITA-151420113-2021-2022-03-31-19.jpg', '2022-12-26 08:31:19', '2022-12-26 08:31:19'),
(68, '321419063', '7', '22', '2021-2022', 'Agung Made Astaripa Dewi-321419063-2021-2022-03-32-33.jpg', '2022-12-26 08:32:33', '2022-12-26 08:32:33'),
(69, '153420085', '7', '22', '2021-2022', 'NI PUTU SAJIANTI-153420085-2021-2022-03-33-35.jpg', '2022-12-26 08:33:35', '2022-12-26 08:33:35'),
(70, '151420112', '3', '8', '2021-2022', 'I PUTU WIRAWAN YASA-151420112-2021-2022-03-47-40.jpg', '2022-12-26 08:47:40', '2022-12-26 08:47:40'),
(71, '411419081', '3', '10', '2021-2022', 'Rama Mertayasa-411419081-2021-2022-03-50-17.jpg', '2022-12-26 08:50:17', '2022-12-26 08:50:17'),
(72, '562420002', '3', '10', '2021-2022', 'I WAYAN RUPAWAN-562420002-2021-2022-03-51-40.jpg', '2022-12-26 08:51:40', '2022-12-26 08:51:40'),
(73, '151420147', '3', '10', '2021-2022', 'NI LUH SINDIYANI-151420147-2021-2022-03-52-20.jpg', '2022-12-26 08:52:20', '2022-12-26 08:52:20'),
(74, '521420010', '3', '9', '2021-2022', 'I GUSTI KOMANG APRIADI-521420010-2021-2022-03-53-40.jpg', '2022-12-26 08:53:40', '2022-12-26 08:53:40'),
(75, '651420011', '3', '10', '2021-2022', 'RAI ENDI PRANATA-651420011-2021-2022-03-54-09.jpg', '2022-12-26 08:54:09', '2022-12-26 08:54:09');

-- --------------------------------------------------------

--
-- Struktur dari tabel `personal_access_tokens`
--

CREATE TABLE `personal_access_tokens` (
  `id` bigint(20) UNSIGNED NOT NULL,
  `tokenable_type` varchar(255) COLLATE utf8mb4_unicode_ci NOT NULL,
  `tokenable_id` bigint(20) UNSIGNED NOT NULL,
  `name` varchar(255) COLLATE utf8mb4_unicode_ci NOT NULL,
  `token` varchar(64) COLLATE utf8mb4_unicode_ci NOT NULL,
  `abilities` text COLLATE utf8mb4_unicode_ci DEFAULT NULL,
  `last_used_at` timestamp NULL DEFAULT NULL,
  `created_at` timestamp NULL DEFAULT NULL,
  `updated_at` timestamp NULL DEFAULT NULL
) ENGINE=InnoDB DEFAULT CHARSET=utf8mb4 COLLATE=utf8mb4_unicode_ci;

-- --------------------------------------------------------

--
-- Struktur dari tabel `sessions`
--

CREATE TABLE `sessions` (
  `id` varchar(255) COLLATE utf8mb4_unicode_ci NOT NULL,
  `user_id` bigint(20) UNSIGNED DEFAULT NULL,
  `ip_address` varchar(45) COLLATE utf8mb4_unicode_ci DEFAULT NULL,
  `user_agent` text COLLATE utf8mb4_unicode_ci DEFAULT NULL,
  `payload` text COLLATE utf8mb4_unicode_ci NOT NULL,
  `last_activity` int(11) NOT NULL
) ENGINE=InnoDB DEFAULT CHARSET=utf8mb4 COLLATE=utf8mb4_unicode_ci;

--
-- Dumping data untuk tabel `sessions`
--

INSERT INTO `sessions` (`id`, `user_id`, `ip_address`, `user_agent`, `payload`, `last_activity`) VALUES
('0cuMhn1K1BpWRn3oC9Leui7L5RTKAd20cZaoPYlw', NULL, '158.140.167.74', 'Mozilla/5.0 (Windows NT 10.0; Win64; x64) AppleWebKit/537.36 (KHTML, like Gecko) Chrome/108.0.0.0 Safari/537.36', 'YTozOntzOjY6Il90b2tlbiI7czo0MDoicEpOSDFidlNhTFlVVHNkRm9ZYnJpMlNyRGU4ZkhvaHZLa2xUQm9WSCI7czo5OiJfcHJldmlvdXMiO2E6MTp7czozOiJ1cmwiO3M6MjY6Imh0dHA6Ly91a20taGRuYy5yZi5nZC8/aT0xIjt9czo2OiJfZmxhc2giO2E6Mjp7czozOiJvbGQiO2E6MDp7fXM6MzoibmV3IjthOjA6e319fQ==', 1672196698),
('0uPgxX8jbR8sP73O6wb2nQ7vBCJDBPEgUQNNGMT9', NULL, '114.4.217.254', 'Mozilla/5.0 (Linux; U; Android 10; id-id; Redmi Note 7 Build/QKQ1.190910.002) AppleWebKit/537.36 (KHTML, like Gecko) Version/4.0 Chrome/100.0.4896.127 Mobile Safari/537.36 XiaoMi/MiuiBrowser/13.20.0-gn', 'YTozOntzOjY6Il90b2tlbiI7czo0MDoiZ0FBbHl4WFdEU1doTWVOZDdaYTVyNGRzV211YzNVY1V2TWJMb011aCI7czo5OiJfcHJldmlvdXMiO2E6MTp7czozOiJ1cmwiO3M6MjY6Imh0dHA6Ly91a20taGRuYy5yZi5nZC8/aT0xIjt9czo2OiJfZmxhc2giO2E6Mjp7czozOiJvbGQiO2E6MDp7fXM6MzoibmV3IjthOjA6e319fQ==', 1672132957),
('7hUQSTqRfgKIf5T9T2G5T8XWtc6z0rXd0zK8Bz9p', NULL, '182.1.148.137', 'Mozilla/5.0 (Linux; Android 12; V2108) AppleWebKit/537.36 (KHTML, like Gecko) Chrome/108.0.0.0 Mobile Safari/537.36', 'YTozOntzOjY6Il90b2tlbiI7czo0MDoidEM5dXp3SjlBUzN5U2FtMGxHeDBnQlJyb0NkaFJNS0ZUYWlhNTFRWiI7czo5OiJfcHJldmlvdXMiO2E6MTp7czozOiJ1cmwiO3M6MjY6Imh0dHA6Ly91a20taGRuYy5yZi5nZC8/aT0yIjt9czo2OiJfZmxhc2giO2E6Mjp7czozOiJvbGQiO2E6MDp7fXM6MzoibmV3IjthOjA6e319fQ==', 1672197338),
('dbHiOtCgsXcHafn1SjHSkfwOV8EHYH4hBCn5vg89', NULL, '36.85.220.99', 'Mozilla/5.0 (Linux; Android 12; V2108) AppleWebKit/537.36 (KHTML, like Gecko) Chrome/108.0.0.0 Mobile Safari/537.36', 'YTozOntzOjY6Il90b2tlbiI7czo0MDoiS1RQMlBNUVpjbHVFSElhVjdxaWM3a05FNUJQVlk2V0xDYVBubldFSSI7czo5OiJfcHJldmlvdXMiO2E6MTp7czozOiJ1cmwiO3M6MjI6Imh0dHBzOi8vdWttLWhkbmMucmYuZ2QiO31zOjY6Il9mbGFzaCI7YToyOntzOjM6Im9sZCI7YTowOnt9czozOiJuZXciO2E6MDp7fX19', 1672572760),
('gqEAB7EfrGlz95Ke9mv8Uktse9PlKHvkr6cqT6PY', NULL, '114.125.168.96', 'Mozilla/5.0 (Linux; Android 12; V2111) AppleWebKit/537.36 (KHTML, like Gecko) Chrome/108.0.0.0 Mobile Safari/537.36', 'YTozOntzOjY6Il90b2tlbiI7czo0MDoia2lVR244TGo1OUhSdEdYeFAyTVFVZDdmTGNQSFhXNndBZnpnaWtNdSI7czo5OiJfcHJldmlvdXMiO2E6MTp7czozOiJ1cmwiO3M6MzA6Imh0dHA6Ly91a20taGRuYy5yZi5nZC9wZW5ndXJ1cyI7fXM6NjoiX2ZsYXNoIjthOjI6e3M6Mzoib2xkIjthOjA6e31zOjM6Im5ldyI7YTowOnt9fX0=', 1672164462),
('HBpZy3lrrP6OVCXMCTfdvkOrkPGJonk6N2u2KcVW', NULL, '120.188.78.50', 'Mozilla/5.0 (Linux; U; Android 10; id-id; Redmi Note 7 Build/QKQ1.190910.002) AppleWebKit/537.36 (KHTML, like Gecko) Version/4.0 Chrome/100.0.4896.127 Mobile Safari/537.36 XiaoMi/MiuiBrowser/13.20.0-gn', 'YTozOntzOjY6Il90b2tlbiI7czo0MDoiVnVnM0lGbGh2d1lTN3llMk5XSGFxSk55cmdQTGFuVVZqWElLMnVPcyI7czo5OiJfcHJldmlvdXMiO2E6MTp7czozOiJ1cmwiO3M6NjA6Imh0dHA6Ly91a20taGRuYy5yZi5nZC9iaWRhbmc9UGVuZWxpdGlhbiUyMERhbiUyMFBlbmdlbWJhbmdhbiI7fXM6NjoiX2ZsYXNoIjthOjI6e3M6Mzoib2xkIjthOjA6e31zOjM6Im5ldyI7YTowOnt9fX0=', 1672026853),
('NqaVjHezkwsc5Xhe3tEtfmaBNKt2awlk8izbWLW8', 4, '158.140.167.103', 'Mozilla/5.0 (Windows NT 10.0; Win64; x64) AppleWebKit/537.36 (KHTML, like Gecko) Chrome/108.0.0.0 Safari/537.36', 'YTo2OntzOjY6Il90b2tlbiI7czo0MDoiOFBNUEphS3BNQWN3Rmx1RzZrTmlaQk5aaEtzb042clJCeFFsQVF1TyI7czo5OiJfcHJldmlvdXMiO2E6MTp7czozOiJ1cmwiO3M6Mzc6Imh0dHA6Ly91a20taGRuYy5yZi5nZC9iaWRhbmc9T2xhaHJhZ2EiO31zOjY6Il9mbGFzaCI7YToyOntzOjM6Im9sZCI7YTowOnt9czozOiJuZXciO2E6MDp7fX1zOjUwOiJsb2dpbl93ZWJfNTliYTM2YWRkYzJiMmY5NDAxNTgwZjAxNGM3ZjU4ZWE0ZTMwOTg5ZCI7aTo0O3M6MTc6InBhc3N3b3JkX2hhc2hfd2ViIjtzOjYwOiIkMnkkMTAkbHJRTHhSRVdFTWo0bE5mT2R2alJ5ZThFSHJqVy5kRi5wV1JXbDA5cUU1Uk1WQUhHZ3dMVlMiO3M6MjE6InBhc3N3b3JkX2hhc2hfc2FuY3R1bSI7czo2MDoiJDJ5JDEwJGxyUUx4UkVXRU1qNGxOZk9kdmpSeWU4RUhyalcuZEYucFdSV2wwOXFFNVJNVkFIR2d3TFZTIjt9', 1672028899),
('tMxIgtjJQHYK8THvobMRag2Xrrm8HTMjndKe3SD3', NULL, '36.85.225.177', 'Mozilla/5.0 (Linux; Android 12; V2108) AppleWebKit/537.36 (KHTML, like Gecko) Chrome/108.0.0.0 Mobile Safari/537.36', 'YTozOntzOjY6Il90b2tlbiI7czo0MDoiMFdQdXBiNml5QkpIaHdZZ2tKNW9CQ0Vza2hoc0lCamV2SUREazh1bSI7czo5OiJfcHJldmlvdXMiO2E6MTp7czozOiJ1cmwiO3M6NDg6Imh0dHA6Ly91a20taGRuYy5yZi5nZC9iZXJpdGEvT2xhaHJhZ2ElMjBNaW5nZ3VhbiI7fXM6NjoiX2ZsYXNoIjthOjI6e3M6Mzoib2xkIjthOjA6e31zOjM6Im5ldyI7YTowOnt9fX0=', 1672097878),
('vRG3FOpQ8wiLiOeF7tnZqpwDJCYRKoXOyU02cDRm', NULL, '114.125.168.96', 'Mozilla/5.0 (Linux; Android 12; V2111) AppleWebKit/537.36 (KHTML, like Gecko) Chrome/108.0.0.0 Mobile Safari/537.36', 'YTozOntzOjY6Il90b2tlbiI7czo0MDoic1RNZkE2VkVzeTVLQ1lqOHdBVFVOOExXNTBTTXVEUHcwMEY5cm04SyI7czo5OiJfcHJldmlvdXMiO2E6MTp7czozOiJ1cmwiO3M6MzA6Imh0dHA6Ly91a20taGRuYy5yZi5nZC9wZW5ndXJ1cyI7fXM6NjoiX2ZsYXNoIjthOjI6e3M6Mzoib2xkIjthOjA6e31zOjM6Im5ldyI7YTowOnt9fX0=', 1672177722),
('w7uoBgdtJNT6l4mHfqbHGZVIB0CXGO8CLuGeNe86', 3, '36.85.225.177', 'Mozilla/5.0 (Windows NT 10.0; Win64; x64; rv:108.0) Gecko/20100101 Firefox/108.0', 'YTo3OntzOjY6Il90b2tlbiI7czo0MDoiV0dQZ3ROUjJEU2xpOHVtZ1pMUFpuYVBJcEZvYzlmMHo3WG1BVENQVSI7czozOiJ1cmwiO2E6MDp7fXM6OToiX3ByZXZpb3VzIjthOjE6e3M6MzoidXJsIjtzOjM3OiJodHRwczovL3VrbS1oZG5jLnJmLmdkL2FkbWluL3BlbmdndW5hIjt9czo2OiJfZmxhc2giO2E6Mjp7czozOiJvbGQiO2E6MDp7fXM6MzoibmV3IjthOjA6e319czo1MDoibG9naW5fd2ViXzU5YmEzNmFkZGMyYjJmOTQwMTU4MGYwMTRjN2Y1OGVhNGUzMDk4OWQiO2k6MztzOjE3OiJwYXNzd29yZF9oYXNoX3dlYiI7czo2MDoiJDJ5JDEwJE5KbVNMUzhHNU91SWlvVTkvSTZreGUxUjNTenhmRUFRWno4V3pvSUozOVRhdE42VGlMbFJ1IjtzOjIxOiJwYXNzd29yZF9oYXNoX3NhbmN0dW0iO3M6NjA6IiQyeSQxMCROSm1TTFM4RzVPdUlpb1U5L0k2a3hlMVIzU3p4ZkVBUVp6OFd6b0lKMzlUYXRONlRpTGxSdSI7fQ==', 1672028943),
('yOCZF0urzxpOolgfDtZ6RMIiQFrA5UZ1RJWolpET', NULL, '114.125.168.96', 'Mozilla/5.0 (Linux; Android 12; V2111) AppleWebKit/537.36 (KHTML, like Gecko) Chrome/108.0.0.0 Mobile Safari/537.36', 'YTozOntzOjY6Il90b2tlbiI7czo0MDoiV215RTM5dER0SDF3d3BjUTYxelF5VnQyWVd5R2V4MnFmeDUybW9KRyI7czo5OiJfcHJldmlvdXMiO2E6MTp7czozOiJ1cmwiO3M6MjY6Imh0dHA6Ly91a20taGRuYy5yZi5nZC8/aT0xIjt9czo2OiJfZmxhc2giO2E6Mjp7czozOiJvbGQiO2E6MDp7fXM6MzoibmV3IjthOjA6e319fQ==', 1672164425);

-- --------------------------------------------------------

--
-- Struktur dari tabel `sliders`
--

CREATE TABLE `sliders` (
  `id` bigint(20) UNSIGNED NOT NULL,
  `judul` varchar(255) COLLATE utf8mb4_unicode_ci NOT NULL,
  `gambar` varchar(255) COLLATE utf8mb4_unicode_ci NOT NULL,
  `deskripsi` varchar(255) COLLATE utf8mb4_unicode_ci DEFAULT NULL,
  `created_at` timestamp NULL DEFAULT NULL,
  `updated_at` timestamp NULL DEFAULT NULL
) ENGINE=InnoDB DEFAULT CHARSET=utf8mb4 COLLATE=utf8mb4_unicode_ci;

--
-- Dumping data untuk tabel `sliders`
--

INSERT INTO `sliders` (`id`, `judul`, `gambar`, `deskripsi`, `created_at`, `updated_at`) VALUES
(6, 'olahraga mingguan', 'olahraga mingguan.jpg', NULL, '2022-12-10 19:15:59', '2022-12-10 19:15:59'),
(7, 'pengurus 2021-2022', 'pengurus 2021-2022.jpg', NULL, '2022-12-10 19:27:16', '2022-12-10 19:27:16'),
(8, 'makan bersama', 'makan bersama.jpg', NULL, '2022-12-10 19:43:21', '2022-12-10 19:43:21'),
(9, 'Latihan Dasar Kepemimpinan 2022', 'Latihan Dasar Kepemimpinan 2022.jpg', NULL, '2022-12-24 15:00:16', '2022-12-24 15:00:16');

-- --------------------------------------------------------

--
-- Struktur dari tabel `surat_keluar`
--

CREATE TABLE `surat_keluar` (
  `id` bigint(20) UNSIGNED NOT NULL,
  `no_surat` varchar(255) COLLATE utf8mb4_unicode_ci NOT NULL,
  `instansi` varchar(255) COLLATE utf8mb4_unicode_ci NOT NULL,
  `perihal` varchar(255) COLLATE utf8mb4_unicode_ci NOT NULL,
  `tgl_surat` date NOT NULL,
  `periode` varchar(255) COLLATE utf8mb4_unicode_ci DEFAULT NULL,
  `file_surat` varchar(50) COLLATE utf8mb4_unicode_ci DEFAULT NULL,
  `created_at` timestamp NULL DEFAULT NULL,
  `updated_at` timestamp NULL DEFAULT NULL
) ENGINE=InnoDB DEFAULT CHARSET=utf8mb4 COLLATE=utf8mb4_unicode_ci;

-- --------------------------------------------------------

--
-- Struktur dari tabel `surat_masuk`
--

CREATE TABLE `surat_masuk` (
  `id` bigint(20) UNSIGNED NOT NULL,
  `no_surat` varchar(255) COLLATE utf8mb4_unicode_ci NOT NULL,
  `instansi` varchar(255) COLLATE utf8mb4_unicode_ci NOT NULL,
  `perihal` varchar(255) COLLATE utf8mb4_unicode_ci NOT NULL,
  `tgl_surat` date NOT NULL,
  `periode` varchar(255) COLLATE utf8mb4_unicode_ci DEFAULT NULL,
  `file_surat` varchar(50) COLLATE utf8mb4_unicode_ci DEFAULT NULL,
  `created_at` timestamp NULL DEFAULT NULL,
  `updated_at` timestamp NULL DEFAULT NULL
) ENGINE=InnoDB DEFAULT CHARSET=utf8mb4 COLLATE=utf8mb4_unicode_ci;

-- --------------------------------------------------------

--
-- Struktur dari tabel `users`
--

CREATE TABLE `users` (
  `id` bigint(20) UNSIGNED NOT NULL,
  `name` varchar(255) COLLATE utf8mb4_unicode_ci NOT NULL,
  `username` varchar(255) COLLATE utf8mb4_unicode_ci NOT NULL,
  `role` varchar(10) COLLATE utf8mb4_unicode_ci NOT NULL,
  `email` varchar(255) COLLATE utf8mb4_unicode_ci DEFAULT NULL,
  `email_verified_at` timestamp NULL DEFAULT NULL,
  `password` varchar(255) COLLATE utf8mb4_unicode_ci NOT NULL,
  `two_factor_secret` text COLLATE utf8mb4_unicode_ci DEFAULT NULL,
  `two_factor_recovery_codes` text COLLATE utf8mb4_unicode_ci DEFAULT NULL,
  `remember_token` varchar(100) COLLATE utf8mb4_unicode_ci DEFAULT NULL,
  `created_at` timestamp NULL DEFAULT NULL,
  `updated_at` timestamp NULL DEFAULT NULL
) ENGINE=InnoDB DEFAULT CHARSET=utf8mb4 COLLATE=utf8mb4_unicode_ci;

--
-- Dumping data untuk tabel `users`
--

INSERT INTO `users` (`id`, `name`, `username`, `role`, `email`, `email_verified_at`, `password`, `two_factor_secret`, `two_factor_recovery_codes`, `remember_token`, `created_at`, `updated_at`) VALUES
(3, 'epik', 'epik', 'superadmin', NULL, NULL, '$2y$10$NJmSLS8G5OuIioU9/I6kxe1R3SzxfEAQZz8WzoIJ39TatN6TiLlRu', NULL, NULL, NULL, '2022-04-08 08:54:41', '2022-04-08 08:54:41'),
(4, 'admin', 'admin', 'superadmin', NULL, NULL, '$2y$10$lrQLxREWEMj4lNfOdvjRye8EHrjW.dF.pWRWl09qE5RMVAHGgwLVS', NULL, NULL, NULL, '2022-04-08 09:17:48', '2022-04-08 09:17:48');

--
-- Indexes for dumped tables
--

--
-- Indeks untuk tabel `anggota`
--
ALTER TABLE `anggota`
  ADD PRIMARY KEY (`id`),
  ADD UNIQUE KEY `anggota_nim_unique` (`nim`);

--
-- Indeks untuk tabel `berita`
--
ALTER TABLE `berita`
  ADD PRIMARY KEY (`id`);

--
-- Indeks untuk tabel `bidang`
--
ALTER TABLE `bidang`
  ADD PRIMARY KEY (`id`);

--
-- Indeks untuk tabel `failed_jobs`
--
ALTER TABLE `failed_jobs`
  ADD PRIMARY KEY (`id`),
  ADD UNIQUE KEY `failed_jobs_uuid_unique` (`uuid`);

--
-- Indeks untuk tabel `fakultas`
--
ALTER TABLE `fakultas`
  ADD PRIMARY KEY (`id`);

--
-- Indeks untuk tabel `format_surat`
--
ALTER TABLE `format_surat`
  ADD PRIMARY KEY (`id`);

--
-- Indeks untuk tabel `galeri`
--
ALTER TABLE `galeri`
  ADD PRIMARY KEY (`id`);

--
-- Indeks untuk tabel `inventaris`
--
ALTER TABLE `inventaris`
  ADD PRIMARY KEY (`id`);

--
-- Indeks untuk tabel `jabatan`
--
ALTER TABLE `jabatan`
  ADD PRIMARY KEY (`id`);

--
-- Indeks untuk tabel `jurusan`
--
ALTER TABLE `jurusan`
  ADD PRIMARY KEY (`id`);

--
-- Indeks untuk tabel `komentar`
--
ALTER TABLE `komentar`
  ADD PRIMARY KEY (`id`);

--
-- Indeks untuk tabel `komentar2`
--
ALTER TABLE `komentar2`
  ADD PRIMARY KEY (`id`);

--
-- Indeks untuk tabel `migrations`
--
ALTER TABLE `migrations`
  ADD PRIMARY KEY (`id`);

--
-- Indeks untuk tabel `password_resets`
--
ALTER TABLE `password_resets`
  ADD KEY `password_resets_email_index` (`email`);

--
-- Indeks untuk tabel `pengurus`
--
ALTER TABLE `pengurus`
  ADD PRIMARY KEY (`id`);

--
-- Indeks untuk tabel `personal_access_tokens`
--
ALTER TABLE `personal_access_tokens`
  ADD PRIMARY KEY (`id`),
  ADD UNIQUE KEY `personal_access_tokens_token_unique` (`token`),
  ADD KEY `personal_access_tokens_tokenable_type_tokenable_id_index` (`tokenable_type`,`tokenable_id`);

--
-- Indeks untuk tabel `sessions`
--
ALTER TABLE `sessions`
  ADD PRIMARY KEY (`id`),
  ADD KEY `sessions_user_id_index` (`user_id`),
  ADD KEY `sessions_last_activity_index` (`last_activity`);

--
-- Indeks untuk tabel `sliders`
--
ALTER TABLE `sliders`
  ADD PRIMARY KEY (`id`);

--
-- Indeks untuk tabel `surat_keluar`
--
ALTER TABLE `surat_keluar`
  ADD PRIMARY KEY (`id`);

--
-- Indeks untuk tabel `surat_masuk`
--
ALTER TABLE `surat_masuk`
  ADD PRIMARY KEY (`id`);

--
-- Indeks untuk tabel `users`
--
ALTER TABLE `users`
  ADD PRIMARY KEY (`id`),
  ADD UNIQUE KEY `users_username_unique` (`username`),
  ADD UNIQUE KEY `users_email_unique` (`email`);

--
-- AUTO_INCREMENT untuk tabel yang dibuang
--

--
-- AUTO_INCREMENT untuk tabel `anggota`
--
ALTER TABLE `anggota`
  MODIFY `id` bigint(20) UNSIGNED NOT NULL AUTO_INCREMENT, AUTO_INCREMENT=471;

--
-- AUTO_INCREMENT untuk tabel `berita`
--
ALTER TABLE `berita`
  MODIFY `id` bigint(20) UNSIGNED NOT NULL AUTO_INCREMENT, AUTO_INCREMENT=17;

--
-- AUTO_INCREMENT untuk tabel `bidang`
--
ALTER TABLE `bidang`
  MODIFY `id` bigint(20) UNSIGNED NOT NULL AUTO_INCREMENT, AUTO_INCREMENT=8;

--
-- AUTO_INCREMENT untuk tabel `failed_jobs`
--
ALTER TABLE `failed_jobs`
  MODIFY `id` bigint(20) UNSIGNED NOT NULL AUTO_INCREMENT;

--
-- AUTO_INCREMENT untuk tabel `fakultas`
--
ALTER TABLE `fakultas`
  MODIFY `id` bigint(20) UNSIGNED NOT NULL AUTO_INCREMENT, AUTO_INCREMENT=14;

--
-- AUTO_INCREMENT untuk tabel `format_surat`
--
ALTER TABLE `format_surat`
  MODIFY `id` bigint(20) UNSIGNED NOT NULL AUTO_INCREMENT, AUTO_INCREMENT=6;

--
-- AUTO_INCREMENT untuk tabel `galeri`
--
ALTER TABLE `galeri`
  MODIFY `id` bigint(20) UNSIGNED NOT NULL AUTO_INCREMENT, AUTO_INCREMENT=27;

--
-- AUTO_INCREMENT untuk tabel `inventaris`
--
ALTER TABLE `inventaris`
  MODIFY `id` bigint(20) UNSIGNED NOT NULL AUTO_INCREMENT, AUTO_INCREMENT=89;

--
-- AUTO_INCREMENT untuk tabel `jabatan`
--
ALTER TABLE `jabatan`
  MODIFY `id` bigint(20) UNSIGNED NOT NULL AUTO_INCREMENT, AUTO_INCREMENT=23;

--
-- AUTO_INCREMENT untuk tabel `jurusan`
--
ALTER TABLE `jurusan`
  MODIFY `id` bigint(20) UNSIGNED NOT NULL AUTO_INCREMENT, AUTO_INCREMENT=45;

--
-- AUTO_INCREMENT untuk tabel `komentar`
--
ALTER TABLE `komentar`
  MODIFY `id` bigint(20) UNSIGNED NOT NULL AUTO_INCREMENT, AUTO_INCREMENT=6;

--
-- AUTO_INCREMENT untuk tabel `komentar2`
--
ALTER TABLE `komentar2`
  MODIFY `id` bigint(20) UNSIGNED NOT NULL AUTO_INCREMENT, AUTO_INCREMENT=3;

--
-- AUTO_INCREMENT untuk tabel `migrations`
--
ALTER TABLE `migrations`
  MODIFY `id` int(10) UNSIGNED NOT NULL AUTO_INCREMENT, AUTO_INCREMENT=34;

--
-- AUTO_INCREMENT untuk tabel `pengurus`
--
ALTER TABLE `pengurus`
  MODIFY `id` bigint(20) UNSIGNED NOT NULL AUTO_INCREMENT, AUTO_INCREMENT=76;

--
-- AUTO_INCREMENT untuk tabel `personal_access_tokens`
--
ALTER TABLE `personal_access_tokens`
  MODIFY `id` bigint(20) UNSIGNED NOT NULL AUTO_INCREMENT;

--
-- AUTO_INCREMENT untuk tabel `sliders`
--
ALTER TABLE `sliders`
  MODIFY `id` bigint(20) UNSIGNED NOT NULL AUTO_INCREMENT, AUTO_INCREMENT=10;

--
-- AUTO_INCREMENT untuk tabel `surat_keluar`
--
ALTER TABLE `surat_keluar`
  MODIFY `id` bigint(20) UNSIGNED NOT NULL AUTO_INCREMENT, AUTO_INCREMENT=7;

--
-- AUTO_INCREMENT untuk tabel `surat_masuk`
--
ALTER TABLE `surat_masuk`
  MODIFY `id` bigint(20) UNSIGNED NOT NULL AUTO_INCREMENT, AUTO_INCREMENT=9;

--
-- AUTO_INCREMENT untuk tabel `users`
--
ALTER TABLE `users`
  MODIFY `id` bigint(20) UNSIGNED NOT NULL AUTO_INCREMENT, AUTO_INCREMENT=6;
COMMIT;

/*!40101 SET CHARACTER_SET_CLIENT=@OLD_CHARACTER_SET_CLIENT */;
/*!40101 SET CHARACTER_SET_RESULTS=@OLD_CHARACTER_SET_RESULTS */;
/*!40101 SET COLLATION_CONNECTION=@OLD_COLLATION_CONNECTION */;
